County Code,County,Org. Code,Organization Name,F_American Indian or Alaskan Native,M_American Indian or Alaskan Native,F_Asian,M_Asian,F_Black or African American,M_Black or African American,F_Hispanic or Latino,M_Hispanic or Latino,F_White,M_White,F_Native Hawaiian or Other Pacific Islander,M_Native Hawaiian or Other Pacific Islander,F_Two or More Races,M_Two or More Races,F_Total Female Count,M_Total Male Count,PK-12 Total Count,F_Percent Female,M_Percent Male
01,ADAMS,0010,MAPLETON 1,32,29,86,78,100,95,"2,711","2,742","1,298","1,324",13,16,156,142,"4,396","4,426","8,822",49.8%,50.2%
01,ADAMS,0020,ADAMS 12 FIVE STAR SCHOOLS,109,113,971,"1,043",368,368,"7,340","7,917","9,289","10,223",23,21,522,511,"18,622","20,196","38,818",48.0%,52.0%
01,ADAMS,0030,ADAMS COUNTY 14,25,28,11,10,95,96,"2,972","3,261",411,460,3,3,47,45,"3,564","3,903","7,467",47.7%,52.3%
01,ADAMS,0040,SCHOOL DISTRICT 27J,35,40,228,252,148,175,"3,778","3,911","3,913","4,081",14,11,266,263,"8,382","8,733","17,115",49.0%,51.0%
01,ADAMS,0050,BENNETT 29J,1,7,0,3,4,7,127,112,358,427,0,1,22,20,512,577,"1,089",47.0%,53.0%
01,ADAMS,0060,STRASBURG 31J,6,6,6,3,5,7,73,79,364,412,3,2,0,6,457,515,972,47.0%,53.0%
01,ADAMS,0070,WESTMINSTER PUBLIC SCHOOLS,19,23,213,211,68,51,"3,633","3,774",668,801,6,9,83,79,"4,690","4,948","9,638",48.7%,51.3%
01,ADAMS,TOTALS, ,227,246,"1,515","1,600",788,799,"20,634","21,796","16,301","17,728",62,63,"1,096","1,066","40,623","43,298","83,921",48.4%,51.6%
02,ALAMOSA,0100,ALAMOSA RE-11J,14,14,12,7,14,14,760,755,338,365,0,3,22,21,"1,160","1,179","2,339",49.6%,50.4%
02,ALAMOSA,0110,SANGRE DE CRISTO RE-22J,3,7,1,0,4,0,38,38,88,114,0,0,2,2,136,161,297,45.8%,54.2%
02,ALAMOSA,TOTALS, ,17,21,13,7,18,14,798,793,426,479,0,3,24,23,"1,296","1,340","2,636",49.2%,50.8%
03,ARAPAHOE,0120,ENGLEWOOD 1,7,10,13,14,32,42,510,611,656,725,3,4,73,75,"1,294","1,481","2,775",46.6%,53.4%
03,ARAPAHOE,0123,SHERIDAN 2,9,2,18,11,22,34,577,603,106,92,1,2,19,15,752,759,"1,511",49.8%,50.2%
03,ARAPAHOE,0130,CHERRY CREEK 5,162,155,"2,329","2,373","2,919","3,189","5,178","5,534","13,954","15,249",84,58,"1,774","1,857","26,400","28,415","54,815",48.2%,51.8%
03,ARAPAHOE,0140,LITTLETON 6,25,37,287,201,88,102,"1,336","1,366","5,558","5,830",10,11,323,343,"7,627","7,890","15,517",49.2%,50.8%
03,ARAPAHOE,0170,DEER TRAIL 26J,0,0,0,0,0,0,24,28,66,74,0,0,3,1,93,103,196,47.4%,52.6%
03,ARAPAHOE,0180,ADAMS-ARAPAHOE 28J,129,132,979,"1,107","3,701","3,868","10,829","11,658","3,467","3,735",137,152,955,948,"20,197","21,600","41,797",48.3%,51.7%
03,ARAPAHOE,0190,BYERS 32J,33,36,13,14,70,83,468,476,904,894,5,1,9,13,"1,502","1,517","3,019",49.8%,50.2%
03,ARAPAHOE,TOTALS, ,365,372,"3,639","3,720","6,832","7,318","18,922","20,276","24,711","26,599",240,228,"3,156","3,252","57,865","61,765","119,630",48.4%,51.6%
04,ARCHULETA,0220,ARCHULETA COUNTY 50 JT,57,45,12,7,5,4,209,273,444,468,2,1,21,20,750,818,"1,568",47.8%,52.2%
04,ARCHULETA,TOTALS, ,57,45,12,7,5,4,209,273,444,468,2,1,21,20,750,818,"1,568",47.8%,52.2%
05,BACA,0230,WALSH RE-1,3,1,0,0,0,2,14,15,65,65,0,0,2,0,84,83,167,50.3%,49.7%
05,BACA,0240,PRITCHETT RE-3,0,0,0,0,0,0,4,1,19,21,0,0,0,0,23,22,45,51.1%,48.9%
05,BACA,0250,SPRINGFIELD RE-4,1,1,0,0,4,1,31,25,106,137,0,0,8,8,150,172,322,46.6%,53.4%
05,BACA,0260,VILAS RE-5,0,0,0,0,0,0,4,7,17,14,0,0,0,0,21,21,42,50.0%,50.0%
05,BACA,0270,CAMPO RE-6,0,0,0,0,0,0,0,0,18,15,0,0,3,3,21,18,39,53.8%,46.2%
05,BACA,TOTALS, ,4,2,0,0,4,3,53,48,225,252,0,0,13,11,299,316,615,48.6%,51.4%
06,BENT,0290,LAS ANIMAS RE-1,5,1,4,3,13,10,298,289,305,234,0,0,7,6,632,543,"1,175",53.8%,46.2%
06,BENT,0310,MC CLAVE RE-2,0,0,0,0,0,0,0,0,128,138,0,0,2,4,130,142,272,47.8%,52.2%
06,BENT,TOTALS, ,5,1,4,3,13,10,298,289,433,372,0,0,9,10,762,685,"1,447",52.7%,47.3%
07,BOULDER,0470,ST VRAIN VALLEY RE 1J,67,70,521,485,130,143,"4,685","4,855","9,971","10,481",28,35,357,343,"15,759","16,412","32,171",49.0%,51.0%
07,BOULDER,0480,BOULDER VALLEY RE 2,49,62,902,845,133,164,"2,815","2,979","10,353","11,191",26,9,793,868,"15,071","16,118","31,189",48.3%,51.7%
07,BOULDER,TOTALS, ,116,132,"1,423","1,330",263,307,"7,500","7,834","20,324","21,672",54,44,"1,150","1,211","30,830","32,530","63,360",48.7%,51.3%
08,CHAFFEE,0490,BUENA VISTA R-31,2,3,5,4,3,5,53,69,414,415,1,1,13,10,491,507,998,49.2%,50.8%
08,CHAFFEE,0500,SALIDA R-32,3,3,3,5,4,3,83,90,476,515,0,0,25,19,594,635,"1,229",48.3%,51.7%
08,CHAFFEE,TOTALS, ,5,6,8,9,7,8,136,159,890,930,1,1,38,29,"1,085","1,142","2,227",48.7%,51.3%
09,CHEYENNE,0510,KIT CARSON R-1,0,0,1,0,1,1,9,12,54,44,0,0,1,3,66,60,126,52.4%,47.6%
09,CHEYENNE,0520,CHEYENNE COUNTY RE-5,0,0,0,1,1,0,10,13,80,89,0,0,0,0,91,103,194,46.9%,53.1%
09,CHEYENNE,TOTALS, ,0,0,1,1,2,1,19,25,134,133,0,0,1,3,157,163,320,49.1%,50.9%
10,CLEAR CREEK,0540,CLEAR CREEK RE-1,6,9,3,6,1,2,40,46,328,379,1,1,22,14,401,457,858,46.7%,53.3%
10,CLEAR CREEK,TOTALS, ,6,9,3,6,1,2,40,46,328,379,1,1,22,14,401,457,858,46.7%,53.3%
11,CONEJOS,0550,NORTH CONEJOS RE-1J,5,0,0,0,4,4,267,266,197,218,0,0,1,1,474,489,963,49.2%,50.8%
11,CONEJOS,0560,SANFORD 6J,1,0,0,0,0,0,55,63,155,109,0,0,7,3,218,175,393,55.5%,44.5%
11,CONEJOS,0580,SOUTH CONEJOS RE-10,2,2,0,0,1,0,100,91,8,7,0,0,1,0,112,100,212,52.8%,47.2%
11,CONEJOS,TOTALS, ,8,2,0,0,5,4,422,420,360,334,0,0,9,4,804,764,"1,568",51.3%,48.7%
12,COSTILLA,0640,CENTENNIAL R-1,0,0,0,0,0,0,98,105,6,6,0,0,0,0,104,111,215,48.4%,51.6%
12,COSTILLA,0740,SIERRA GRANDE R-30,0,0,0,0,0,1,94,109,27,28,0,1,2,5,123,144,267,46.1%,53.9%
12,COSTILLA,TOTALS, ,0,0,0,0,0,1,192,214,33,34,0,1,2,5,227,255,482,47.1%,52.9%
13,CROWLEY,0770,CROWLEY COUNTY RE-1-J,3,2,0,0,2,6,121,115,90,96,0,0,0,2,216,221,437,49.4%,50.6%
13,CROWLEY,TOTALS, ,3,2,0,0,2,6,121,115,90,96,0,0,0,2,216,221,437,49.4%,50.6%
14,CUSTER,0860,CUSTER COUNTY SCHOOL DISTRICT C-1,1,5,0,0,0,7,2,7,191,152,0,0,6,2,200,173,373,53.6%,46.4%
14,CUSTER,TOTALS, ,1,5,0,0,0,7,2,7,191,152,0,0,6,2,200,173,373,53.6%,46.4%
15,DELTA,0870,DELTA COUNTY 50(J),16,20,21,38,18,11,529,578,"1,820","1,843",1,4,60,52,"2,465","2,546","5,011",49.2%,50.8%
15,DELTA,TOTALS, ,16,20,21,38,18,11,529,578,"1,820","1,843",1,4,60,52,"2,465","2,546","5,011",49.2%,50.8%
16,DENVER,0880,DENVER COUNTY 1,268,317,"1,539","1,425","5,831","6,158","24,743","25,926","10,285","10,964",111,141,"1,662","1,762","44,439","46,693","91,132",48.8%,51.2%
16,DENVER,TOTALS, ,268,317,"1,539","1,425","5,831","6,158","24,743","25,926","10,285","10,964",111,141,"1,662","1,762","44,439","46,693","91,132",48.8%,51.2%
17,DOLORES,0890,DOLORES COUNTY RE NO.2,2,2,0,0,0,0,4,14,105,141,0,0,2,3,113,160,273,41.4%,58.6%
17,DOLORES,TOTALS, ,2,2,0,0,0,0,4,14,105,141,0,0,2,3,113,160,273,41.4%,58.6%
18,DOUGLAS,0900,DOUGLAS COUNTY RE 1,173,156,"1,665","1,473",394,479,"4,759","4,972","24,163","25,966",46,39,"1,582","1,603","32,782","34,688","67,470",48.6%,51.4%
18,DOUGLAS,TOTALS, ,173,156,"1,665","1,473",394,479,"4,759","4,972","24,163","25,966",46,39,"1,582","1,603","32,782","34,688","67,470",48.6%,51.4%
19,EAGLE,0910,EAGLE COUNTY RE 50,19,17,29,39,16,20,"1,661","1,904","1,460","1,612",1,1,61,61,"3,247","3,654","6,901",47.1%,52.9%
19,EAGLE,TOTALS, ,19,17,29,39,16,20,"1,661","1,904","1,460","1,612",1,1,61,61,"3,247","3,654","6,901",47.1%,52.9%
20,ELBERT,0920,ELIZABETH C-1,6,8,12,3,6,5,117,122,"1,056","1,126",0,1,38,35,"1,235","1,300","2,535",48.7%,51.3%
20,ELBERT,0930,KIOWA C-2,0,0,0,1,2,3,21,17,121,108,0,1,1,2,145,132,277,52.3%,47.7%
20,ELBERT,0940,BIG SANDY 100J,2,3,0,0,0,0,13,11,125,140,1,0,4,7,145,161,306,47.4%,52.6%
20,ELBERT,0950,ELBERT 200,1,1,1,0,0,0,8,6,80,111,0,0,2,3,92,121,213,43.2%,56.8%
20,ELBERT,0960,AGATE 300,0,0,0,0,0,0,2,0,2,1,0,0,0,0,4,1,5,80.0%,20.0%
20,ELBERT,TOTALS, ,9,12,13,4,8,8,161,156,"1,384","1,486",1,2,45,47,"1,621","1,715","3,336",48.6%,51.4%
21,EL PASO,0970,CALHAN RJ-1,3,1,1,3,11,31,19,11,169,187,0,0,4,2,207,235,442,46.8%,53.2%
21,EL PASO,0980,HARRISON 2,56,53,114,118,877,836,"2,785","3,046","1,394","1,554",58,64,395,396,"5,679","6,067","11,746",48.3%,51.7%
21,EL PASO,0990,WIDEFIELD 3,25,40,64,56,417,472,"1,331","1,388","2,258","2,490",64,73,463,493,"4,622","5,012","9,634",48.0%,52.0%
21,EL PASO,1000,FOUNTAIN 8,40,41,52,56,449,500,"1,087","1,177","1,838","2,025",61,77,378,404,"3,905","4,280","8,185",47.7%,52.3%
21,EL PASO,1010,COLORADO SPRINGS 11,86,110,214,224,993,"1,096","4,160","4,354","6,824","7,602",53,58,"1,073","1,064","13,403","14,508","27,911",48.0%,52.0%
21,EL PASO,1020,CHEYENNE MOUNTAIN 12,8,11,120,84,61,77,422,388,"1,829","1,875",5,8,171,165,"2,616","2,608","5,224",50.1%,49.9%
21,EL PASO,1030,MANITOU SPRINGS 14,6,3,10,6,5,14,68,54,614,636,1,1,39,31,743,745,"1,488",49.9%,50.1%
21,EL PASO,1040,ACADEMY 20,52,54,574,452,406,395,"1,656","1,770","9,076","9,457",38,37,840,784,"12,642","12,949","25,591",49.4%,50.6%
21,EL PASO,1050,ELLICOTT 22,2,3,4,2,25,25,140,194,290,327,2,4,13,12,476,567,"1,043",45.6%,54.4%
21,EL PASO,1060,PEYTON 23 JT,1,1,3,5,4,15,28,51,221,292,0,1,13,17,270,382,652,41.4%,58.6%
21,EL PASO,1070,HANOVER 28,3,1,0,0,5,1,42,35,81,94,0,0,2,6,133,137,270,49.3%,50.7%
21,EL PASO,1080,LEWIS-PALMER 38,13,22,91,60,37,41,337,311,"2,499","2,873",4,1,136,152,"3,117","3,460","6,577",47.4%,52.6%
21,EL PASO,1110,FALCON 49,71,71,233,220,554,582,"2,729","2,642","5,931","6,151",40,45,786,779,"10,344","10,490","20,834",49.6%,50.4%
21,EL PASO,1120,EDISON 54 JT,0,0,0,1,3,1,7,7,93,114,0,0,3,2,106,125,231,45.9%,54.1%
21,EL PASO,1130,MIAMI/YODER 60 JT,1,0,0,0,1,0,42,33,115,98,0,0,8,2,167,133,300,55.7%,44.3%
21,EL PASO,TOTALS, ,367,411,"1,480","1,287","3,848","4,086","14,853","15,461","33,232","35,775",326,369,"4,324","4,309","58,430","61,698","120,128",48.6%,51.4%
22,FREMONT,1140,CANON CITY RE-1,12,12,18,6,9,5,261,265,"1,471","1,436",1,0,62,68,"1,834","1,792","3,626",50.6%,49.4%
22,FREMONT,1150,FREMONT RE-2,1,3,4,3,2,4,119,111,501,531,0,0,20,19,647,671,"1,318",49.1%,50.9%
22,FREMONT,1160,COTOPAXI RE-3,0,1,2,1,0,0,10,5,84,94,0,0,1,2,97,103,200,48.5%,51.5%
22,FREMONT,TOTALS, ,13,16,24,10,11,9,390,381,"2,056","2,061",1,0,83,89,"2,578","2,566","5,144",50.1%,49.9%
23,GARFIELD,1180,ROARING FORK RE-1,10,8,24,29,13,8,"1,506","1,553","1,143","1,199",2,2,51,41,"2,749","2,840","5,589",49.2%,50.8%
23,GARFIELD,1195,GARFIELD RE-2,4,9,11,13,7,9,"1,084","1,194","1,153","1,304",1,1,53,55,"2,313","2,585","4,898",47.2%,52.8%
23,GARFIELD,1220,GARFIELD 16,13,6,1,1,6,2,183,217,350,353,0,2,21,25,574,606,"1,180",48.6%,51.4%
23,GARFIELD,TOTALS, ,27,23,36,43,26,19,"2,773","2,964","2,646","2,856",3,5,125,121,"5,636","6,031","11,667",48.3%,51.7%
24,GILPIN,1330,GILPIN COUNTY RE-1,0,0,2,1,1,1,28,31,181,164,2,0,8,16,222,213,435,51.0%,49.0%
24,GILPIN,TOTALS, ,0,0,2,1,1,1,28,31,181,164,2,0,8,16,222,213,435,51.0%,49.0%
25,GRAND,1340,WEST GRAND 1-JT,1,0,0,0,2,1,54,63,148,146,0,0,3,5,208,215,423,49.2%,50.8%
25,GRAND,1350,EAST GRAND 2,3,8,2,4,4,6,89,81,500,510,5,4,11,16,614,629,"1,243",49.4%,50.6%
25,GRAND,TOTALS, ,4,8,2,4,6,7,143,144,648,656,5,4,14,21,822,844,"1,666",49.3%,50.7%
26,GUNNISON,1360,GUNNISON WATERSHED RE1J,1,6,2,7,11,5,149,171,799,861,0,1,15,25,977,"1,076","2,053",47.6%,52.4%
26,GUNNISON,TOTALS, ,1,6,2,7,11,5,149,171,799,861,0,1,15,25,977,"1,076","2,053",47.6%,52.4%
27,HINSDALE,1380,HINSDALE COUNTY RE 1,3,2,0,0,0,1,1,2,44,49,1,0,3,5,52,59,111,46.8%,53.2%
27,HINSDALE,TOTALS, ,3,2,0,0,0,1,1,2,44,49,1,0,3,5,52,59,111,46.8%,53.2%
28,HUERFANO,1390,HUERFANO RE-1,9,15,3,0,0,5,161,173,85,107,2,0,1,1,261,301,562,46.4%,53.6%
28,HUERFANO,1400,LA VETA RE-2,0,1,0,0,1,0,27,30,77,84,0,0,0,0,105,115,220,47.7%,52.3%
28,HUERFANO,TOTALS, ,9,16,3,0,1,5,188,203,162,191,2,0,1,1,366,416,782,46.8%,53.2%
29,JACKSON,1410,NORTH PARK R-1 ,0,0,0,0,0,0,19,18,74,81,0,0,0,0,93,99,192,48.4%,51.6%
29,JACKSON,TOTALS, ,0,0,0,0,0,0,19,18,74,81,0,0,0,0,93,99,192,48.4%,51.6%
30,JEFFERSON,1420,JEFFERSON COUNTY R-1,246,281,"1,456","1,237",486,533,"10,476","10,678","27,896","29,735",69,71,"1,556","1,627","42,185","44,162","86,347",48.9%,51.1%
30,JEFFERSON,TOTALS, ,246,281,"1,456","1,237",486,533,"10,476","10,678","27,896","29,735",69,71,"1,556","1,627","42,185","44,162","86,347",48.9%,51.1%
31,KIOWA,1430,EADS RE-1,0,0,0,0,2,0,9,15,74,92,0,0,0,0,85,107,192,44.3%,55.7%
31,KIOWA,1440,PLAINVIEW RE-2,0,1,0,0,2,0,0,1,26,29,0,0,3,1,31,32,63,49.2%,50.8%
31,KIOWA,TOTALS, ,0,1,0,0,4,0,9,16,100,121,0,0,3,1,116,139,255,45.5%,54.5%
32,KIT CARSON,1450,ARRIBA-FLAGLER C-20,0,0,1,0,0,0,12,9,96,77,0,0,1,2,110,88,198,55.6%,44.4%
32,KIT CARSON,1460,HI-PLAINS R-23,1,4,0,1,0,3,8,8,53,26,0,0,0,0,62,42,104,59.6%,40.4%
32,KIT CARSON,1480,STRATTON R-4,3,2,0,0,0,0,19,24,76,88,0,0,0,1,98,115,213,46.0%,54.0%
32,KIT CARSON,1490,BETHUNE R-5,0,0,2,0,0,0,18,18,33,36,0,1,1,1,54,56,110,49.1%,50.9%
32,KIT CARSON,1500,BURLINGTON RE-6J,5,4,4,7,5,3,158,155,205,222,0,0,2,5,379,396,775,48.9%,51.1%
32,KIT CARSON,TOTALS, ,9,10,7,8,5,6,215,214,463,449,0,1,4,9,703,697,"1,400",50.2%,49.8%
33,LAKE,1510,LAKE COUNTY R-1,0,4,1,1,1,2,349,383,145,136,1,0,4,6,501,532,"1,033",48.5%,51.5%
33,LAKE,TOTALS, ,0,4,1,1,1,2,349,383,145,136,1,0,4,6,501,532,"1,033",48.5%,51.5%
34,LA PLATA,1520,DURANGO 9-R,112,111,22,15,20,19,481,510,"1,759","1,816",2,1,87,98,"2,483","2,570","5,053",49.1%,50.9%
34,LA PLATA,1530,BAYFIELD 10 JT-R,15,18,8,5,2,3,95,111,499,575,1,1,20,28,640,741,"1,381",46.3%,53.7%
34,LA PLATA,1540,IGNACIO 11 JT,101,121,6,2,2,2,140,163,132,151,2,1,23,23,406,463,869,46.7%,53.3%
34,LA PLATA,TOTALS, ,228,250,36,22,24,24,716,784,"2,390","2,542",5,3,130,149,"3,529","3,774","7,303",48.3%,51.7%
35,LARIMER,1550,POUDRE R-1,81,66,485,415,165,175,"2,510","2,770","10,598","11,298",22,29,509,559,"14,370","15,312","29,682",48.4%,51.6%
35,LARIMER,1560,THOMPSON R2-J,47,33,113,81,78,103,"1,582","1,741","5,790","6,220",10,7,223,252,"7,843","8,437","16,280",48.2%,51.8%
35,LARIMER,1570,ESTES PARK R-3,3,3,14,12,6,3,130,158,397,411,1,2,8,5,559,594,"1,153",48.5%,51.5%
35,LARIMER,TOTALS, ,131,102,612,508,249,281,"4,222","4,669","16,785","17,929",33,38,740,816,"22,772","24,343","47,115",48.3%,51.7%
36,LAS ANIMAS,1580,TRINIDAD 1,2,5,3,2,5,8,363,401,120,119,0,1,6,5,499,541,"1,040",48.0%,52.0%
36,LAS ANIMAS,1590,PRIMERO REORGANIZED 2,3,4,1,0,1,0,31,36,54,64,0,0,3,1,93,105,198,47.0%,53.0%
36,LAS ANIMAS,1600,HOEHNE REORGANIZED 3,0,0,0,3,1,0,85,98,72,92,0,0,2,1,160,194,354,45.2%,54.8%
36,LAS ANIMAS,1620,AGUILAR REORGANIZED 6,0,0,0,0,0,0,35,42,17,30,0,0,0,0,52,72,124,41.9%,58.1%
36,LAS ANIMAS,1750,BRANSON REORGANIZED 82,2,0,2,1,9,9,55,48,174,156,0,0,12,3,254,217,471,53.9%,46.1%
36,LAS ANIMAS,1760,KIM REORGANIZED 88,0,0,0,0,1,2,1,0,21,28,0,0,0,1,23,31,54,42.6%,57.4%
36,LAS ANIMAS,TOTALS, ,7,9,6,6,17,19,570,625,458,489,0,1,23,11,"1,081","1,160","2,241",48.2%,51.8%
37,LINCOLN,1780,GENOA-HUGO C113,1,1,0,0,0,3,6,5,90,81,0,0,0,0,97,90,187,51.9%,48.1%
37,LINCOLN,1790,LIMON RE-4J,2,0,3,1,3,3,23,47,167,210,2,5,9,4,209,270,479,43.6%,56.4%
37,LINCOLN,1810,KARVAL RE-23,0,0,0,0,0,0,0,0,23,24,0,0,0,0,23,24,47,48.9%,51.1%
37,LINCOLN,TOTALS, ,3,1,3,1,3,6,29,52,280,315,2,5,9,4,329,384,713,46.1%,53.9%
38,LOGAN,1828,VALLEY RE-1,9,5,7,8,11,12,287,288,744,853,0,0,24,36,"1,082","1,202","2,284",47.4%,52.6%
38,LOGAN,1850,FRENCHMAN RE-3,0,2,0,1,0,0,9,9,83,97,0,0,1,1,93,110,203,45.8%,54.2%
38,LOGAN,1860,BUFFALO RE-4J,2,1,0,1,1,5,16,11,131,132,1,1,4,0,155,151,306,50.7%,49.3%
38,LOGAN,1870,PLATEAU RE-5,0,0,0,0,0,1,4,2,59,93,0,0,0,1,63,97,160,39.4%,60.6%
38,LOGAN,TOTALS, ,11,8,7,10,12,18,316,310,"1,017","1,175",1,1,29,38,"1,393","1,560","2,953",47.2%,52.8%
39,MESA,1980,DE BEQUE 49JT,0,0,1,1,0,2,8,7,74,97,0,0,0,0,83,107,190,43.7%,56.3%
39,MESA,1990,PLATEAU VALLEY 50,5,4,4,1,7,10,29,44,135,193,1,2,0,2,181,256,437,41.4%,58.6%
39,MESA,2000,MESA COUNTY VALLEY 51,65,85,93,83,61,61,"2,606","2,632","7,526","8,011",12,13,412,445,"10,775","11,330","22,105",48.7%,51.3%
39,MESA,TOTALS, ,70,89,98,85,68,73,"2,643","2,683","7,735","8,301",13,15,412,447,"11,039","11,693","22,732",48.6%,51.4%
40,MINERAL,2010,CREEDE SCHOOL DISTRICT,0,0,0,0,0,0,4,2,39,34,0,0,1,1,44,37,81,54.3%,45.7%
40,MINERAL,TOTALS, ,0,0,0,0,0,0,4,2,39,34,0,0,1,1,44,37,81,54.3%,45.7%
41,MOFFAT,2020,MOFFAT COUNTY RE:NO 1,16,8,5,3,6,13,228,290,722,871,1,0,27,29,"1,005","1,214","2,219",45.3%,54.7%
41,MOFFAT,TOTALS, ,16,8,5,3,6,13,228,290,722,871,1,0,27,29,"1,005","1,214","2,219",45.3%,54.7%
42,MONTEZUMA,2035,MONTEZUMA-CORTEZ RE-1,380,361,8,4,4,5,256,306,666,731,4,2,47,48,"1,365","1,457","2,822",48.4%,51.6%
42,MONTEZUMA,2055,DOLORES RE-4A,11,22,0,0,1,0,59,60,257,300,1,1,10,11,339,394,733,46.2%,53.8%
42,MONTEZUMA,2070,MANCOS RE-6,20,24,0,1,1,0,39,42,172,188,0,1,8,5,240,261,501,47.9%,52.1%
42,MONTEZUMA,TOTALS, ,411,407,8,5,6,5,354,408,"1,095","1,219",5,4,65,64,"1,944","2,112","4,056",47.9%,52.1%
43,MONTROSE,2180,MONTROSE COUNTY RE-1J,16,14,28,19,11,21,"1,186","1,215","1,724","1,871",1,2,67,77,"3,033","3,219","6,252",48.5%,51.5%
43,MONTROSE,2190,WEST END RE-2,1,6,0,1,0,3,12,10,122,141,0,0,1,2,136,163,299,45.5%,54.5%
43,MONTROSE,TOTALS, ,17,20,28,20,11,24,"1,198","1,225","1,846","2,012",1,2,68,79,"3,169","3,382","6,551",48.4%,51.6%
44,MORGAN,2395,BRUSH RE-2(J),1,1,4,1,3,3,358,369,367,417,0,1,10,8,743,800,"1,543",48.2%,51.8%
44,MORGAN,2405,FORT MORGAN RE-3,9,7,7,8,71,74,951,"1,026",488,527,0,1,25,19,"1,551","1,662","3,213",48.3%,51.7%
44,MORGAN,2505,WELDON VALLEY RE-20(J),0,0,0,1,0,0,24,13,98,94,0,0,0,0,122,108,230,53.0%,47.0%
44,MORGAN,2515,WIGGINS RE-50(J),3,5,4,4,1,1,77,61,222,178,0,0,4,13,311,262,573,54.3%,45.7%
44,MORGAN,TOTALS, ,13,13,15,14,75,78,"1,410","1,469","1,175","1,216",0,2,39,40,"2,727","2,832","5,559",49.1%,50.9%
45,OTERO,2520,EAST OTERO R-1,6,3,3,2,4,8,436,458,199,207,6,3,14,6,668,687,"1,355",49.3%,50.7%
45,OTERO,2530,ROCKY FORD R-2,1,5,0,2,1,0,297,320,90,118,0,0,2,1,391,446,837,46.7%,53.3%
45,OTERO,2535,MANZANOLA 3J,0,0,0,0,1,0,41,36,23,26,0,0,0,2,65,64,129,50.4%,49.6%
45,OTERO,2540,FOWLER R-4J,0,0,0,1,0,0,59,37,149,145,0,0,4,1,212,184,396,53.5%,46.5%
45,OTERO,2560,CHERAW 31,0,0,1,0,1,0,35,25,73,78,0,3,0,0,110,106,216,50.9%,49.1%
45,OTERO,2570,SWINK 33,0,1,2,9,3,7,51,41,134,113,0,0,4,1,194,172,366,53.0%,47.0%
45,OTERO,TOTALS, ,7,9,6,14,10,15,919,917,668,687,6,6,24,11,"1,640","1,659","3,299",49.7%,50.3%
46,OURAY,2580,OURAY R-1,1,0,2,1,1,0,6,13,79,83,0,0,2,1,91,98,189,48.1%,51.9%
46,OURAY,2590,RIDGWAY R-2,0,2,2,0,0,0,20,13,133,150,0,0,8,6,163,171,334,48.8%,51.2%
46,OURAY,TOTALS, ,1,2,4,1,1,0,26,26,212,233,0,0,10,7,254,269,523,48.6%,51.4%
47,PARK,2600,PLATTE CANYON 1,9,6,5,5,1,1,58,58,364,437,0,0,17,28,454,535,989,45.9%,54.1%
47,PARK,2610,PARK COUNTY RE-2,2,0,2,0,4,3,44,43,270,282,0,0,10,24,332,352,684,48.5%,51.5%
47,PARK,TOTALS, ,11,6,7,5,5,4,102,101,634,719,0,0,27,52,786,887,"1,673",47.0%,53.0%
48,PHILLIPS,2620,HOLYOKE RE-1J,0,0,2,1,1,2,139,127,154,153,0,0,2,0,298,283,581,51.3%,48.7%
48,PHILLIPS,2630,HAXTUN RE-2J,0,0,0,0,0,2,12,12,142,151,1,1,3,5,158,171,329,48.0%,52.0%
48,PHILLIPS,TOTALS, ,0,0,2,1,1,4,151,139,296,304,1,1,5,5,456,454,910,50.1%,49.9%
49,PITKIN,2640,ASPEN 1,1,0,16,10,7,8,108,90,698,745,2,1,5,7,837,861,"1,698",49.3%,50.7%
49,PITKIN,TOTALS, ,1,0,16,10,7,8,108,90,698,745,2,1,5,7,837,861,"1,698",49.3%,50.7%
50,PROWERS,2650,GRANADA RE-1,0,0,0,0,0,0,76,87,23,28,0,0,2,1,101,116,217,46.5%,53.5%
50,PROWERS,2660,LAMAR RE-2,8,3,1,1,3,3,418,463,299,360,0,0,11,7,740,837,"1,577",46.9%,53.1%
50,PROWERS,2670,HOLLY RE-3,0,2,1,0,0,0,68,97,66,70,0,0,1,3,136,172,308,44.2%,55.8%
50,PROWERS,2680,WILEY RE-13 JT,0,1,2,0,0,0,36,26,96,101,0,0,3,3,137,131,268,51.1%,48.9%
50,PROWERS,TOTALS, ,8,6,4,1,3,3,598,673,484,559,0,0,17,14,"1,114","1,256","2,370",47.0%,53.0%
51,PUEBLO,2690,PUEBLO CITY 60,40,53,63,50,154,181,"5,922","6,206","2,069","2,293",5,14,124,125,"8,377","8,922","17,299",48.4%,51.6%
51,PUEBLO,2700,PUEBLO COUNTY 70,19,15,39,33,23,26,"1,698","1,788","2,652","2,919",3,1,205,227,"4,639","5,009","9,648",48.1%,51.9%
51,PUEBLO,TOTALS, ,59,68,102,83,177,207,"7,620","7,994","4,721","5,212",8,15,329,352,"13,016","13,931","26,947",48.3%,51.7%
52,RIO BLANCO,2710,MEEKER RE1,8,7,1,0,0,2,46,58,304,315,0,2,2,0,361,384,745,48.5%,51.5%
52,RIO BLANCO,2720,RANGELY RE-4,1,3,0,0,1,0,15,26,232,253,0,0,3,2,252,284,536,47.0%,53.0%
52,RIO BLANCO,TOTALS, ,9,10,1,0,1,2,61,84,536,568,0,2,5,2,613,668,"1,281",47.9%,52.1%
53,RIO GRANDE,2730,DEL NORTE C-7,1,1,2,0,0,0,123,119,84,104,0,0,1,5,211,229,440,48.0%,52.0%
53,RIO GRANDE,2740,MONTE VISTA C-8,7,13,1,0,1,2,406,418,145,163,1,0,6,10,567,606,"1,173",48.3%,51.7%
53,RIO GRANDE,2750,SARGENT RE-33J,2,4,1,3,1,1,52,46,119,142,0,0,3,2,178,198,376,47.3%,52.7%
53,RIO GRANDE,TOTALS, ,10,18,4,3,2,3,581,583,348,409,1,0,10,17,956,"1,033","1,989",48.1%,51.9%
54,ROUTT,2760,HAYDEN RE-1,0,0,1,2,3,1,29,20,151,207,2,0,0,0,186,230,416,44.7%,55.3%
54,ROUTT,2770,STEAMBOAT SPRINGS RE-2,2,1,21,15,10,9,162,185,"1,027","1,089",4,5,27,23,"1,253","1,327","2,580",48.6%,51.4%
54,ROUTT,2780,SOUTH ROUTT RE 3,0,0,0,1,1,1,10,9,149,176,1,0,3,2,164,189,353,46.5%,53.5%
54,ROUTT,TOTALS, ,2,1,22,18,14,11,201,214,"1,327","1,472",7,5,30,25,"1,603","1,746","3,349",47.9%,52.1%
55,SAGUACHE,2790,MOUNTAIN VALLEY RE 1,0,0,0,0,0,0,15,16,55,44,0,0,2,0,72,60,132,54.5%,45.5%
55,SAGUACHE,2800,MOFFAT 2,0,2,1,2,3,0,14,4,75,80,0,0,9,11,102,99,201,50.7%,49.3%
55,SAGUACHE,2810,CENTER 26 JT,4,9,0,0,1,1,268,292,27,33,0,0,0,0,300,335,635,47.2%,52.8%
55,SAGUACHE,TOTALS, ,4,11,1,2,4,1,297,312,157,157,0,0,11,11,474,494,968,49.0%,51.0%
56,SAN JUAN,2820,SILVERTON 1,0,0,0,0,0,0,9,18,27,26,0,0,0,0,36,44,80,45.0%,55.0%
56,SAN JUAN,TOTALS, ,0,0,0,0,0,0,9,18,27,26,0,0,0,0,36,44,80,45.0%,55.0%
57,SAN MIGUEL,2830,TELLURIDE R-1,3,0,3,1,2,3,67,85,340,371,1,1,7,16,423,477,900,47.0%,53.0%
57,SAN MIGUEL,2840,NORWOOD R-2J,2,1,1,2,0,0,14,8,111,102,0,0,1,1,129,114,243,53.1%,46.9%
57,SAN MIGUEL,TOTALS, ,5,1,4,3,2,3,81,93,451,473,1,1,8,17,552,591,"1,143",48.3%,51.7%
58,SEDGWICK,2862,JULESBURG RE-1,6,1,3,2,5,8,86,88,219,189,1,0,12,13,332,301,633,52.4%,47.6%
58,SEDGWICK,2865,REVERE SCHOOL DISTRICT,1,2,1,0,0,0,6,3,56,49,0,1,0,0,64,55,119,53.8%,46.2%
58,SEDGWICK,TOTALS, ,7,3,4,2,5,8,92,91,275,238,1,1,12,13,396,356,752,52.7%,47.3%
59,SUMMIT,3000,SUMMIT RE-1,3,2,13,11,15,19,590,632,"1,015","1,127",1,1,53,75,"1,690","1,867","3,557",47.5%,52.5%
59,SUMMIT,TOTALS, ,3,2,13,11,15,19,590,632,"1,015","1,127",1,1,53,75,"1,690","1,867","3,557",47.5%,52.5%
60,TELLER,3010,CRIPPLE CREEK-VICTOR RE-1,2,3,1,1,2,2,18,15,142,179,0,1,5,3,170,204,374,45.5%,54.5%
60,TELLER,3020,WOODLAND PARK RE-2,5,8,16,8,9,13,114,122,951,"1,122",1,2,53,56,"1,149","1,331","2,480",46.3%,53.7%
60,TELLER,TOTALS, ,7,11,17,9,11,15,132,137,"1,093","1,301",1,3,58,59,"1,319","1,535","2,854",46.2%,53.8%
61,WASHINGTON,3030,AKRON R-1,2,0,4,1,0,1,31,37,132,159,0,0,3,8,172,206,378,45.5%,54.5%
61,WASHINGTON,3040,ARICKAREE R-2,0,0,0,0,0,1,17,13,29,37,0,0,0,0,46,51,97,47.4%,52.6%
61,WASHINGTON,3050,OTIS R-3,1,0,0,1,4,2,5,8,101,115,0,0,3,2,114,128,242,47.1%,52.9%
61,WASHINGTON,3060,LONE STAR 101,0,0,1,0,0,0,11,7,49,46,0,1,0,0,61,54,115,53.0%,47.0%
61,WASHINGTON,3070,WOODLIN R-104,0,0,0,0,3,0,5,10,49,46,0,0,0,0,57,56,113,50.4%,49.6%
61,WASHINGTON,TOTALS, ,3,0,5,2,7,4,69,75,360,403,0,1,6,10,450,495,945,47.6%,52.4%
62,WELD,3080,WELD COUNTY RE-1,10,7,4,1,3,8,525,576,422,423,0,0,12,13,976,"1,028","2,004",48.7%,51.3%
62,WELD,3085,EATON RE-2,1,2,5,4,4,4,225,238,696,668,0,0,12,19,943,935,"1,878",50.2%,49.8%
62,WELD,3090,WELD COUNTY SCHOOL DISTRICT RE-3J,5,6,6,19,6,12,473,506,615,658,2,1,16,27,"1,123","1,229","2,352",47.7%,52.3%
62,WELD,3100,WINDSOR RE-4,13,9,42,27,15,18,405,470,"2,398","2,482",0,0,74,81,"2,947","3,087","6,034",48.8%,51.2%
62,WELD,3110,JOHNSTOWN-MILLIKEN RE-5J,3,4,19,13,9,14,552,571,"1,260","1,316",1,2,31,35,"1,875","1,955","3,830",49.0%,51.0%
62,WELD,3120,GREELEY 6,32,41,245,288,234,269,"6,502","6,623","3,614","3,740",32,21,154,155,"10,813","11,137","21,950",49.3%,50.7%
62,WELD,3130,PLATTE VALLEY RE-7,1,2,3,0,1,2,195,193,345,357,0,0,3,6,548,560,"1,108",49.5%,50.5%
62,WELD,3140,WELD COUNTY S/D RE-8,6,7,6,8,5,7,827,910,288,300,2,1,13,8,"1,147","1,241","2,388",48.0%,52.0%
62,WELD,3145,AULT-HIGHLAND RE-9,2,2,1,0,0,0,139,129,269,302,0,0,2,7,413,440,853,48.4%,51.6%
62,WELD,3146,BRIGGSDALE RE-10,0,0,4,1,0,0,4,16,77,77,0,0,2,0,87,94,181,48.1%,51.9%
62,WELD,3147,PRAIRIE RE-11,0,0,0,0,0,0,6,3,102,103,0,0,3,0,111,106,217,51.2%,48.8%
62,WELD,3148,PAWNEE RE-12,0,0,0,0,0,0,3,5,26,42,0,0,0,1,29,48,77,37.7%,62.3%
62,WELD,TOTALS, ,73,80,335,361,277,334,"9,856","10,240","10,112","10,468",37,25,322,352,"21,012","21,860","42,872",49.0%,51.0%
63,YUMA,3200,YUMA 1,0,0,1,0,1,4,226,210,176,186,0,0,0,3,404,403,807,50.1%,49.9%
63,YUMA,3210,WRAY RD-2,1,1,2,0,1,1,93,100,247,223,0,0,1,5,345,330,675,51.1%,48.9%
63,YUMA,3220,IDALIA RJ-3,3,2,0,0,0,0,29,23,88,79,0,0,0,2,120,106,226,53.1%,46.9%
63,YUMA,3230,LIBERTY J-4,0,0,0,0,0,0,6,5,27,41,0,0,1,0,34,46,80,42.5%,57.5%
63,YUMA,TOTALS, ,4,3,3,0,2,5,354,338,538,529,0,0,2,10,903,885,"1,788",50.5%,49.5%
90,COLORADO BOCS,9030,MOUNTAIN BOCES,1,2,0,0,4,2,36,25,50,43,0,0,0,0,91,72,163,55.8%,44.2%
90,COLORADO BOCS,9035,CENTENNIAL BOCES,0,2,0,0,0,0,31,52,29,42,0,0,1,3,61,99,160,38.1%,61.9%
90,COLORADO BOCS,9050,SAN JUAN BOCES,0,2,1,0,1,1,2,6,16,14,0,0,1,1,21,24,45,46.7%,53.3%
90,COLORADO BOCS,9130,EXPEDITIONARY BOCES,0,0,5,5,6,5,18,26,133,162,0,0,11,22,173,220,393,44.0%,56.0%
90,COLORADO BOCS,9170,COLORADO DIGITAL BOCES,22,14,14,3,56,54,133,102,802,767,4,6,83,76,"1,114","1,022","2,136",52.2%,47.8%
90,COLORADO BOCS,TOTALS, ,23,20,20,8,67,62,220,211,"1,030","1,028",4,6,96,102,"1,460","1,437","2,897",50.4%,49.6%
98,NONE,8001,CHARTER SCHOOL INSTITUTE,36,45,267,276,340,322,"3,578","3,267","3,900","3,885",25,17,252,217,"8,398","8,029","16,427",51.1%,48.9%
98,NONE,9000,COLORADO SCHOOL FOR THE DEAF AND BLIND,0,1,4,7,8,7,38,46,32,46,1,0,5,8,88,115,203,43.3%,56.7%
98,NONE,TOTALS, ,36,46,271,283,348,329,"3,616","3,313","3,932","3,931",26,17,257,225,"8,486","8,144","16,630",51.0%,49.0%
999,No County,9999,COLORADO DETENTION CENTER TOTAL,1,1,0,1,4,25,18,77,23,38,0,0,2,3,48,145,193,24.9%,75.1%
999,No County,TOTALS, ,1,1,0,1,4,25,18,77,23,38,0,0,2,3,48,145,193,24.9%,75.1%
,,, ,,,,,,,,,,,,,,,,,,,
,,TOTALS, ,"3,161","3,350","14,557","13,752","20,041","21,437","148,187","155,386","235,032","251,505","1,087","1,136","17,931","18,457","439,996","465,023","905,019",48.62%,51.38%