Organization Code,Orgnazation Name,Student Pct Minority,Year,% FREE AND REDUCED,K-12 COUNT,All Students Graduation Rate,Female Graduation Rate,Male Graduation Rate,Pupil/Teacher Ratio,Teacher Pct Minority,Teacher Count,Total FTE,Average Salary,Female AP Enrollment,Male AP Enrollment,Total AP Enrollment
10,MAPLETON 1,0.01,16,0.586,8380,0.6459999999999999,0.7140000000000001,0.573,31.946111111111108,0.16492146596858637,382,373.04,52969.0,0,0,0
20,ADAMS 12 FIVE STAR SCHOOLS,0.01,16,0.396,37688,0.8059999999999999,0.847,0.769,21.544615384615383,0.10684798445847499,2059,1980.15,59127.0,1962,1532,3494
30,ADAMS COUNTY 14,0.01,16,0.85,6876,0.6579999999999999,0.732,0.59,20.572307692307692,0.22857142857142854,385,379.65,53825.0,167,94,261
50,BENNETT 29J,0.01,16,0.33399999999999996,1029,0.7709999999999999,0.8059999999999999,0.735,13.4775,0.0892857142857143,56,56.89,38758.0,0,0,0
60,STRASBURG 31J,0.01,16,0.26899999999999996,937,0.831,0.87,0.7909999999999999,15.17,0.01666666666666672,60,57.07,43005.0,260,231,491
100,ALAMOSA RE-11J,0.01,16,0.631,2339,0.7959999999999999,0.8490000000000001,0.721,26.89,0.3846153846153846,130,127.52,47666.0,138,98,236
110,SANGRE DE CRISTO RE-22J,0.01,16,0.594,281,1.0,1.0,1.0,12.5,0.12,25,24.05,38786.0,3,4,7
120,ENGLEWOOD 1,0.01,16,0.677,2554,0.5379999999999999,0.632,0.46,20.95888888888889,0.032432432432432434,185,180.79,53674.0,112,95,207
123,SHERIDAN 2,0.01,16,0.907,1355,0.691,0.838,0.616,16.241999999999997,0.09433962264150941,106,101.98,52164.0,0,0,0
130,CHERRY CREEK 5,0.01,16,0.3,53087,0.8809999999999999,0.914,0.848,20.78584615384615,0.12029841467205471,3217,3077.08,69110.0,5782,4771,10553
140,LITTLETON 6,0.01,16,0.187,14859,0.9,0.9159999999999999,0.885,22.12826086956522,0.05841924398625431,873,839.54,64917.0,1201,997,2198
170,DEER TRAIL 26J,0.01,16,0.552,172,1.0,1.0,1.0,10.675,0.0,19,18.36,41396.0,0,0,0
180,ADAMS-ARAPAHOE 28J,0.01,16,0.665,39881,0.65,0.693,0.612,23.015901639344264,0.16531396838957713,2341,2281.04,54406.0,696,497,1193
190,BYERS 32J,0.01,16,0.396,2980,0.603,0.632,0.5710000000000001,50.91285714285714,0.0641025641025641,78,73.91,42803.0,24,16,40
220,ARCHULETA COUNTY 50 JT,0.01,16,0.46,1568,0.848,0.892,0.81,17.9,0.0957446808510638,94,88.52,43670.0,0,0,0
230,WALSH RE-1,0.01,16,0.56,134,0.917,0.875,1.0,10.025,0.0,16,16.25,38258.0,0,0,0
240,PRITCHETT RE-3,0.01,16,0.579,38,0.889,1.0,0.75,5.8066666666666675,0.0,10,7.5,34367.0,0,0,0
250,SPRINGFIELD RE-4,0.01,16,0.6629999999999999,276,0.815,0.7859999999999999,0.846,12.355,0.08333333333333337,24,25.71,34799.0,0,0,0
290,LAS ANIMAS RE-1,0.01,16,0.825,1147,0.767,0.867,0.667,35.913333333333334,0.24390243902439024,41,40.04,36727.0,0,0,0
310,MC CLAVE RE-2,0.01,16,0.413,242,0.9129999999999999,1.0,0.8,13.0,0.04347826086956519,23,20.73,36825.0,0,0,0
470,ST VRAIN VALLEY RE 1J,0.01,16,0.314,30761,0.848,0.8809999999999999,0.815,19.254230769230766,0.07284768211920534,1812,1774.78,53539.0,0,0,0
480,BOULDER VALLEY RE 2,0.01,16,0.20600000000000002,30271,0.925,0.943,0.9059999999999999,17.753333333333334,0.12362637362637363,1820,1696.82,72951.0,0,0,0
490,BUENA VISTA R-31,0.01,16,0.32899999999999996,910,0.875,0.951,0.795,12.4125,0.025974025974025983,77,74.68,42273.0,6,1,7
500,SALIDA R-32,0.01,16,0.35100000000000003,1168,0.7559999999999999,0.805,0.703,13.1,0.08695652173913049,92,89.46,41189.0,90,64,154
510,KIT CARSON R-1,0.01,16,0.526,114,0.818,0.75,0.857,7.715,0.11111111111111116,18,16.44,39590.0,1,0,1
520,CHEYENNE COUNTY RE-5,0.01,16,0.441,170,1.0,1.0,1.0,10.225,0.052631578947368474,19,18.77,38891.0,0,0,0
540,CLEAR CREEK RE-1,0.01,16,0.271,785,0.778,0.84,0.7240000000000001,13.946000000000002,0.06349206349206349,63,62.38,40674.0,13,8,21
550,NORTH CONEJOS RE-1J,0.01,16,0.5720000000000001,963,0.8640000000000001,0.8809999999999999,0.846,13.954000000000002,0.28767123287671237,73,71.61,42267.0,3,3,6
560,SANFORD 6J,0.01,16,0.588,369,1.0,1.0,1.0,14.895,0.14814814814814814,27,26.25,41284.0,14,4,18
580,SOUTH CONEJOS RE-10,0.01,16,0.7879999999999999,212,1.0,1.0,1.0,10.096666666666668,0.7142857142857143,21,20.5,38814.0,0,0,0
640,CENTENNIAL R-1,0.01,16,0.779,199,0.929,1.0,0.833,12.11,0.5555555555555556,18,17.75,38461.0,7,7,14
740,SIERRA GRANDE R-30,0.01,16,0.897,263,1.0,1.0,1.0,11.86,0.5909090909090908,22,22.51,35771.0,0,0,0
770,CROWLEY COUNTY RE-1-J,0.01,16,0.73,437,0.9470000000000001,0.895,1.0,14.06,0.06451612903225812,31,31.44,35481.0,0,0,0
860,CUSTER COUNTY SCHOOL DISTRICT C-1,0.01,16,0.496,347,0.879,0.895,0.857,13.133333333333333,0.03448275862068961,29,28.42,38178.0,4,4,8
870,DELTA COUNTY 50(J),0.01,16,0.565,4713,0.863,0.8740000000000001,0.853,22.342000000000002,0.06551724137931036,290,275.88,42162.0,389,333,722
880,DENVER COUNTY 1,0.01,16,0.6779999999999999,86139,0.672,0.723,0.62,15.235073891625618,0.25582564962279963,5965,6011.34,50701.0,4025,3069,7094
890,DOLORES COUNTY RE NO.2,0.01,16,0.593,246,0.8420000000000001,0.857,0.833,10.663333333333334,0.0,22,21.53,43193.0,0,0,0
900,DOUGLAS COUNTY RE 1,0.01,16,0.11900000000000001,65628,0.9009999999999999,0.929,0.875,20.28956043956044,0.020141843971631213,3525,3424.69,52044.0,5045,3754,8799
910,EAGLE COUNTY RE 50,0.01,16,0.41100000000000003,6628,0.794,0.855,0.731,16.02166666666667,0.09894736842105267,475,451.04,48036.0,578,476,1054
920,ELIZABETH C-1,0.01,16,0.17800000000000002,2399,0.867,0.924,0.813,50.686249999999994,0.02580645161290318,155,146.97,39258.0,93,65,158
930,KIOWA C-2,0.01,16,0.39299999999999996,257,1.0,1.0,1.0,13.693333333333333,0.0,21,20.4,35138.0,14,8,22
940,BIG SANDY 100J,0.01,16,0.4,280,0.905,1.0,0.867,11.893333333333333,0.03448275862068961,29,25.22,41006.0,0,0,0
950,ELBERT 200,0.01,16,0.29,200,1.0,1.0,1.0,9.76,0.09090909090909094,22,21.61,35356.0,0,0,0
970,CALHAN RJ-1,0.01,16,0.486,424,0.912,1.0,0.8,15.956666666666669,0.06451612903225812,31,28.22,40291.0,44,27,71
980,HARRISON 2,0.01,16,0.7609999999999999,11746,0.797,0.863,0.73,16.755,0.14933333333333332,750,746.62,42560.0,287,173,460
990,WIDEFIELD 3,0.01,16,0.47,9181,0.8009999999999999,0.835,0.768,19.41875,0.10486891385767794,534,528.37,44694.0,509,394,903
1000,FOUNTAIN 8,0.01,16,0.511,7826,0.879,0.899,0.862,17.189230769230768,0.16297786720321927,497,495.31,48098.0,368,223,591
1010,COLORADO SPRINGS 11,0.01,16,0.601,27245,0.6970000000000001,0.763,0.64,16.58107142857143,0.14074512123004135,1691,1655.58,48305.0,908,761,1669
1020,CHEYENNE MOUNTAIN 12,0.01,16,0.14400000000000002,5077,0.934,0.93,0.938,15.518181818181818,0.062146892655367214,354,353.02,44458.0,649,498,1147
1030,MANITOU SPRINGS 14,0.01,16,0.248,1446,0.937,0.93,0.945,14.079999999999998,0.037735849056603765,106,103.4,43985.0,0,0,0
1040,ACADEMY 20,0.01,16,0.135,25218,0.903,0.9229999999999999,0.883,17.307499999999997,0.09355246523388117,1582,1498.12,48066.0,1839,1518,3357
1050,ELLICOTT 22,0.01,16,0.674,957,0.7879999999999999,0.81,0.774,13.74,0.10810810810810811,74,73.73,38782.0,0,0,0
1060,PEYTON 23 JT,0.01,16,0.214,632,0.75,0.955,0.667,12.134,0.02083333333333337,48,47.68,37194.0,0,0,0
1070,HANOVER 28,0.01,16,0.743,249,0.8240000000000001,1.0,0.75,14.129999999999999,0.11111111111111116,18,18.0,39333.0,0,0,0
1080,LEWIS-PALMER 38,0.01,16,0.08800000000000001,6324,0.948,0.9670000000000001,0.93,18.32888888888889,0.057065217391304324,368,346.59,45956.0,782,706,1488
1110,FALCON 49,0.01,16,0.311,20505,0.606,0.623,0.5870000000000001,18.42,0.10338164251207727,1035,1037.85,42567.0,195,105,300
1120,EDISON 54 JT,0.01,16,0.41,222,0.68,0.583,0.769,30.169999999999998,0.0,15,13.93,36579.0,0,0,0
1130,MIAMI/YODER 60 JT,0.01,16,0.513,275,0.7859999999999999,0.875,0.667,14.19,0.045454545454545414,22,21.94,37716.0,0,0,0
1140,CANON CITY RE-1,0.01,16,0.505,3626,0.785,0.8170000000000001,0.752,16.842222222222222,0.030303030303030276,231,228.23,46110.0,0,0,0
1150,FREMONT RE-2,0.01,16,0.568,1318,0.7609999999999999,0.8,0.722,15.575000000000001,0.06666666666666665,90,90.94,40600.0,0,0,0
1160,COTOPAXI RE-3,0.01,16,0.513,187,0.625,0.5,1.0,10.23,0.0,20,19.68,38880.0,0,0,0
1180,ROARING FORK RE-1,0.01,16,0.424,5410,0.8140000000000001,0.883,0.748,15.479999999999999,0.05882352941176472,391,374.46,49967.0,438,372,810
1195,GARFIELD RE-2,0.01,16,0.519,4734,0.871,0.903,0.8420000000000001,17.388,0.03472222222222221,288,279.41,44013.0,124,106,230
1220,GARFIELD 16,0.01,16,0.555,1092,0.785,0.76,0.8,16.4775,0.013513513513513487,74,74.34,46729.0,187,218,405
1330,GILPIN COUNTY RE-1,0.01,16,0.271,402,1.0,1.0,1.0,12.350000000000001,0.05405405405405406,37,35.22,44529.0,13,12,25
1350,EAST GRAND 2,0.01,16,0.327,1188,0.92,0.907,0.9329999999999999,13.7425,0.0,94,91.42,47391.0,110,64,174
1360,GUNNISON WATERSHED RE1J,0.01,16,0.262,1975,0.9470000000000001,0.9520000000000001,0.9440000000000001,41.32285714285714,0.01449275362318836,138,131.67,45735.0,60,53,113
1380,HINSDALE COUNTY RE 1,0.01,16,0.385,96,0.909,1.0,0.833,10.09,0.0,12,11.06,45141.0,0,0,0
1390,HUERFANO RE-1,0.01,16,0.772,526,0.955,0.857,1.0,14.719999999999999,0.16216216216216217,37,36.82,36781.0,0,0,0
1400,LA VETA RE-2,0.01,16,0.593,214,0.938,1.0,0.875,10.625,0.13043478260869568,23,20.65,40460.0,0,0,0
1420,JEFFERSON COUNTY R-1,0.01,16,0.326,83422,0.828,0.872,0.787,18.286564417177914,0.09103898754847928,4899,4734.32,55435.0,6762,5441,12203
1430,EADS RE-1,0.01,16,0.381,176,0.9229999999999999,1.0,0.889,11.520000000000001,0.0,19,17.32,36344.0,0,0,0
1440,PLAINVIEW RE-2,0.01,16,0.603,58,1.0,0.0,1.0,7.645,0.0,9,8.25,32273.0,0,0,0
1450,ARRIBA-FLAGLER C-20,0.01,16,0.555,173,0.8,0.833,0.778,11.11,0.0,19,17.82,37737.0,0,0,0
1460,HI-PLAINS R-23,0.01,16,0.522,90,1.0,1.0,1.0,6.14,0.0,17,16.95,35221.0,0,0,0
1480,STRATTON R-4,0.01,16,0.563,190,0.929,0.9,1.0,10.566666666666666,0.052631578947368474,19,18.65,33637.0,0,0,0
1490,BETHUNE R-5,0.01,16,0.7879999999999999,104,0.7140000000000001,0.5,1.0,8.3,0.0,17,13.26,41100.0,0,0,0
1500,BURLINGTON RE-6J,0.01,16,0.578,716,0.75,0.71,0.7929999999999999,14.983333333333334,0.0980392156862745,51,51.12,34505.0,0,0,0
1510,LAKE COUNTY R-1,0.01,16,0.672,931,0.667,0.789,0.529,37.9275,0.050000000000000044,60,58.19,39859.0,0,0,0
1520,DURANGO 9-R,0.01,16,0.332,4895,0.802,0.871,0.738,26.28461538461539,0.0805555555555556,360,354.46,46518.0,324,297,621
1530,BAYFIELD 10 JT-R,0.01,16,0.266,1340,0.831,0.861,0.805,14.583333333333334,0.05208333333333337,96,94.53,46574.0,34,27,61
1540,IGNACIO 11 JT,0.01,16,0.5770000000000001,869,0.754,0.7859999999999999,0.7240000000000001,12.486666666666666,0.18571428571428572,70,69.54,41236.0,17,7,24
1550,POUDRE R-1,0.01,16,0.29,28832,0.8140000000000001,0.8390000000000001,0.7909999999999999,17.301346153846154,0.070299727520436,1835,1738.43,53108.0,2197,1904,4101
1560,THOMPSON R2-J,0.01,16,0.392,15708,0.794,0.8320000000000001,0.7559999999999999,17.345999999999997,0.05190677966101698,944,901.41,49061.0,1078,891,1969
1570,ESTES PARK R-3,0.01,16,0.405,1114,0.924,0.903,0.938,16.435000000000002,0.07058823529411762,85,78.33,47884.0,45,45,90
1580,TRINIDAD 1,0.01,16,0.75,1040,0.862,0.9309999999999999,0.7929999999999999,15.935000000000002,0.5692307692307692,65,65.01,45184.0,0,0,0
1590,PRIMERO REORGANIZED 2,0.01,16,0.607,183,0.889,0.833,1.0,10.36,0.5,22,20.25,40648.0,0,0,0
1600,HOEHNE REORGANIZED 3,0.01,16,0.384,354,0.9440000000000001,1.0,0.9,21.78,0.0,20,16.25,53186.0,0,0,0
1620,AGUILAR REORGANIZED 6,0.01,16,0.757,111,0.857,1.0,0.75,16.83,0.0,11,7.55,55100.0,0,0,0
1750,BRANSON REORGANIZED 82,0.01,16,0.168,470,0.8079999999999999,0.813,0.8,14.155000000000001,0.0,29,28.2,38642.0,0,0,0
1760,KIM REORGANIZED 88,0.01,16,0.542,48,1.0,1.0,1.0,6.470000000000001,0.0,10,8.52,30497.0,0,0,0
1780,GENOA-HUGO C113,0.01,16,0.317,164,1.0,1.0,1.0,10.25,0.0,18,18.25,37477.0,0,0,0
1790,LIMON RE-4J,0.01,16,0.445,479,0.889,0.905,0.875,14.17,0.0,35,33.95,35809.0,0,0,0
1810,KARVAL RE-23,0.01,16,0.585,41,0.556,0.75,0.4,7.83,0.0,8,6.52,37702.0,0,0,0
1828,VALLEY RE-1,0.01,16,0.499,2104,0.818,0.8540000000000001,0.779,74.98285714285714,0.0699300699300699,143,139.5,38296.0,0,0,0
1850,FRENCHMAN RE-3,0.01,16,0.41,178,0.941,1.0,0.917,10.3,0.0,20,19.56,40386.0,0,0,0
1860,BUFFALO RE-4J,0.01,16,0.35,306,1.0,1.0,1.0,13.585,0.0,23,22.59,44356.0,0,0,0
1870,PLATEAU RE-5,0.01,16,0.35,143,0.833,0.8,0.846,9.245000000000001,0.05882352941176472,17,17.35,38682.0,0,0,0
1980,DE BEQUE 49JT,0.01,16,0.456,171,0.7,1.0,0.5710000000000001,10.405000000000001,0.0,18,17.39,44012.0,0,0,0
1990,PLATEAU VALLEY 50,0.01,16,0.278,424,0.255,0.419,0.179,17.75,0.0357142857142857,28,28.23,42692.0,5,12,17
2000,MESA COUNTY VALLEY 51,0.01,16,0.511,21373,0.804,0.841,0.77,17.366000000000003,0.08552138034508627,1333,1284.54,47919.0,0,0,0
2010,CREEDE SCHOOL DISTRICT,0.01,16,0.63,81,1.0,0.0,1.0,7.36,0.0,11,11.0,42865.0,0,0,0
2020,MOFFAT COUNTY RE:NO 1,0.01,16,0.428,2064,0.8859999999999999,0.951,0.831,21.237499999999997,0.03053435114503822,131,130.03,46327.0,151,186,337
2035,MONTEZUMA-CORTEZ RE-1,0.01,16,0.677,2727,0.732,0.872,0.642,15.443636363636363,0.07428571428571429,175,169.0,37923.0,56,54,110
2055,DOLORES RE-4A,0.01,16,0.363,669,0.8909999999999999,1.0,0.75,9.105,0.05555555555555558,54,52.38,40010.0,28,12,40
2070,MANCOS RE-6,0.01,16,0.5589999999999999,458,0.9229999999999999,1.0,0.867,15.63,0.02941176470588236,34,32.55,37617.0,0,0,0
2180,MONTROSE COUNTY RE-1J,0.01,16,0.46799999999999997,5966,0.779,0.863,0.7140000000000001,19.576,0.025568181818181768,352,344.5,46275.0,321,202,523
2190,WEST END RE-2,0.01,16,0.632,261,0.8,1.0,0.667,13.549999999999999,0.04347826086956519,23,20.61,39517.0,1,0,1
2395,BRUSH RE-2(J),0.01,16,0.61,1472,0.85,0.852,0.848,16.1425,0.12631578947368416,95,94.14,38213.0,15,12,27
2405,FORT MORGAN RE-3,0.01,16,0.693,3022,0.7709999999999999,0.826,0.72,15.6725,0.0653266331658291,199,196.4,40573.0,26,29,55
2505,WELDON VALLEY RE-20(J),0.01,16,0.413,208,0.905,0.917,0.889,12.72,0.05555555555555558,18,18.0,35372.0,0,0,0
2515,WIGGINS RE-50(J),0.01,16,0.47,530,0.889,0.9329999999999999,0.857,16.773333333333337,0.05882352941176472,34,34.25,40788.0,0,0,0
2520,EAST OTERO R-1,0.01,16,0.7559999999999999,1355,0.88,0.905,0.848,16.363333333333333,0.1728395061728395,81,80.44,37446.0,10,3,13
2530,ROCKY FORD R-2,0.01,16,0.779,805,0.816,0.8640000000000001,0.778,14.083333333333334,0.3220338983050848,59,59.25,36408.0,5,3,8
2535,MANZANOLA 3J,0.01,16,0.701,127,0.846,1.0,0.667,7.824999999999999,0.0625,16,16.46,32321.0,0,0,0
2540,FOWLER R-4J,0.01,16,0.54,396,0.885,0.889,0.882,11.876666666666665,0.1428571428571429,35,33.95,37784.0,0,0,0
2560,CHERAW 31,0.01,16,0.629,202,1.0,1.0,1.0,12.15,0.0,18,17.63,38597.0,0,0,0
2570,SWINK 33,0.01,16,0.429,366,1.0,1.0,1.0,13.655000000000001,0.1071428571428571,28,26.74,38090.0,0,0,0
2580,OURAY R-1,0.01,16,0.312,173,0.929,0.8,1.0,7.366666666666667,0.0,27,24.76,47467.0,4,2,6
2590,RIDGWAY R-2,0.01,16,0.303,304,1.0,1.0,1.0,11.343333333333334,0.0,31,28.94,43070.0,34,21,55
2600,PLATTE CANYON 1,0.01,16,0.304,907,0.8240000000000001,0.846,0.813,15.716666666666667,0.046875,64,62.07,44018.0,28,25,53
2610,PARK COUNTY RE-2,0.01,16,0.494,607,0.654,0.636,0.667,14.85,0.06521739130434778,46,46.3,39893.0,0,0,0
2620,HOLYOKE RE-1J,0.01,16,0.425,581,0.872,0.765,0.955,12.603333333333333,0.1063829787234043,47,47.05,38724.0,7,8,15
2630,HAXTUN RE-2J,0.01,16,0.355,290,0.9129999999999999,1.0,0.8,12.3,0.0,25,24.6,39904.0,0,0,0
2640,ASPEN 1,0.01,16,0.048,1670,0.9259999999999999,0.961,0.895,13.314000000000002,0.027972027972028024,143,138.86,58287.0,16,19,35
2650,GRANADA RE-1,0.01,16,0.65,197,0.75,0.667,0.833,12.02,0.19999999999999996,20,18.07,39764.0,0,0,0
2660,LAMAR RE-2,0.01,16,0.665,1446,0.76,0.8220000000000001,0.706,17.451666666666668,0.12962962962962965,108,105.51,40687.0,5,1,6
2670,HOLLY RE-3,0.01,16,0.7020000000000001,285,0.95,1.0,0.909,13.736666666666665,0.09090909090909094,22,22.25,36385.0,0,0,0
2680,WILEY RE-13 JT,0.01,16,0.445,247,0.818,0.818,0.818,12.125,0.08695652173913049,23,22.24,35839.0,48,20,68
2690,PUEBLO CITY 60,0.01,16,0.773,16482,0.7390000000000001,0.805,0.68,17.639696969696974,0.312625250501002,998,1010.49,47260.0,465,344,809
2700,PUEBLO COUNTY 70,0.01,16,0.42200000000000004,9353,0.855,0.905,0.809,19.6925,0.16161616161616166,495,484.95,47696.0,391,351,742
2710,MEEKER RE1,0.01,16,0.349,694,0.902,0.882,0.917,17.169999999999998,0.023809523809523836,42,40.19,49066.0,5,1,6
2720,RANGELY RE-4,0.01,16,0.315,496,0.833,0.889,0.8,14.915,0.0,35,33.71,43895.0,0,0,0
2730,DEL NORTE C-7,0.01,16,0.536,440,0.8390000000000001,0.846,0.833,12.436666666666667,0.4,35,35.09,37460.0,0,0,0
2740,MONTE VISTA C-8,0.01,16,0.695,1116,0.7659999999999999,0.775,0.759,18.738333333333333,0.2894736842105263,76,74.97,40566.0,27,18,45
2750,SARGENT RE-33J,0.01,16,0.359,376,1.0,1.0,1.0,15.256666666666666,0.1071428571428571,28,25.15,40714.0,2,4,6
2760,HAYDEN RE-1,0.01,16,0.439,380,0.9,1.0,0.833,12.286666666666667,0.0,36,34.83,52753.0,0,0,0
2770,STEAMBOAT SPRINGS RE-2,0.01,16,0.158,2526,0.904,0.865,0.9440000000000001,16.174285714285713,0.00591715976331364,169,164.67,53803.0,252,202,454
2780,SOUTH ROUTT RE 3,0.01,16,0.401,327,0.821,0.857,0.7859999999999999,8.29,0.0,31,30.22,40629.0,2,2,4
2790,MOUNTAIN VALLEY RE 1,0.01,16,0.828,122,0.909,0.857,1.0,8.7,0.19999999999999996,15,15.13,32776.0,0,0,0
2800,MOFFAT 2,0.01,16,0.7959999999999999,191,1.0,1.0,1.0,10.235,0.13636363636363635,22,20.46,36576.0,0,0,0
2810,CENTER 26 JT,0.01,16,0.946,596,0.735,0.7240000000000001,0.75,16.985999999999997,0.36170212765957444,47,45.46,37024.0,0,0,0
2820,SILVERTON 1,0.01,16,0.603,73,0.6,0.33299999999999996,1.0,7.256666666666668,0.0,11,10.91,45589.0,0,0,0
2830,TELLURIDE R-1,0.01,16,0.23199999999999998,900,0.934,0.92,0.9440000000000001,11.655000000000001,0.06172839506172845,81,76.6,56703.0,117,129,246
2840,NORWOOD R-2J,0.01,16,0.498,223,0.909,0.917,0.9,11.69,0.0,23,20.5,43609.0,0,0,0
2862,JULESBURG RE-1,0.01,16,0.55,589,0.483,0.467,0.5,17.006666666666668,0.0,38,36.01,42056.0,17,1,18
3000,SUMMIT RE-1,0.01,16,0.324,3398,0.9009999999999999,0.9309999999999999,0.8759999999999999,13.991111111111113,0.06617647058823528,272,248.92,55040.0,87,56,143
3010,CRIPPLE CREEK-VICTOR RE-1,0.01,16,0.701,344,0.625,0.889,0.467,13.005,0.032258064516129004,31,29.91,38595.0,23,6,29
3020,WOODLAND PARK RE-2,0.01,16,0.31,2372,0.8009999999999999,0.845,0.76,17.672,0.021126760563380254,142,139.98,45295.0,83,63,146
3030,AKRON R-1,0.01,16,0.503,362,0.789,0.75,0.818,12.845,0.03448275862068961,29,28.42,38851.0,0,0,0
3040,ARICKAREE R-2,0.01,16,0.451,91,1.0,1.0,1.0,7.345,0.06666666666666665,15,13.1,34697.0,0,0,0
3050,OTIS R-3,0.01,16,0.496,226,1.0,1.0,1.0,12.469999999999999,0.0,22,19.26,34822.0,0,1,1
3060,LONE STAR 101,0.01,16,0.48700000000000004,115,1.0,1.0,1.0,8.463333333333333,0.0,17,14.74,35140.0,0,0,0
3070,WOODLIN R-104,0.01,16,0.49,98,1.0,1.0,1.0,9.47,0.0,13,12.11,26649.0,0,0,0
3080,WELD COUNTY RE-1,0.01,16,0.545,1879,0.805,0.882,0.746,15.53,0.1470588235294118,136,133.62,45615.0,68,25,93
3085,EATON RE-2,0.01,16,0.327,1878,0.9279999999999999,0.9440000000000001,0.915,15.836000000000002,0.04166666666666663,120,116.31,45515.0,0,0,0
3100,WINDSOR RE-4,0.01,16,0.163,5881,0.9059999999999999,0.946,0.8640000000000001,17.662,0.046511627906976716,344,334.91,48273.0,247,139,386
3110,JOHNSTOWN-MILLIKEN RE-5J,0.01,16,0.285,3697,0.862,0.904,0.8220000000000001,20.158333333333335,0.06282722513089001,191,189.77,52097.0,0,0,0
3120,GREELEY 6,0.01,16,0.654,21938,0.7709999999999999,0.8079999999999999,0.7340000000000001,20.852580645161293,0.12962962962962965,1242,1213.72,49386.0,1014,792,1806
3130,PLATTE VALLEY RE-7,0.01,16,0.375,1108,0.963,0.9740000000000001,0.9520000000000001,13.653333333333334,0.024691358024691357,81,80.5,48191.0,0,0,0
3140,WELD COUNTY S/D RE-8,0.01,16,0.603,2209,0.741,0.823,0.6709999999999999,17.582,0.2222222222222222,144,139.47,47093.0,153,73,226
3145,AULT-HIGHLAND RE-9,0.01,16,0.47,853,0.961,1.0,0.929,14.293333333333335,0.12903225806451613,62,59.16,40146.0,16,8,24
3146,BRIGGSDALE RE-10,0.01,16,0.32299999999999995,167,0.9329999999999999,1.0,0.889,9.58,0.0,19,18.92,38415.0,0,0,0
3147,PRAIRIE RE-11,0.01,16,0.29600000000000004,203,0.917,0.889,1.0,11.864999999999998,0.050000000000000044,20,18.29,41549.0,0,0,0
3148,PAWNEE RE-12,0.01,16,0.419,74,1.0,1.0,1.0,5.65,0.0,14,13.62,38348.0,0,0,0
3200,YUMA 1,0.01,16,0.618,759,0.8909999999999999,0.9670000000000001,0.8,20.8375,0.045454545454545414,66,65.21,42629.0,0,0,0
3210,WRAY RD-2,0.01,16,0.573,628,0.863,0.862,0.8640000000000001,13.353333333333333,0.020000000000000018,50,49.28,37037.0,0,0,0
3220,IDALIA RJ-3,0.01,16,0.568,206,0.889,0.833,1.0,13.535,0.0,18,16.4,40156.0,0,0,0
3230,LIBERTY J-4,0.01,16,0.308,65,0.889,1.0,0.667,8.65,0.0,10,9.25,36845.0,0,0,0
8001,CHARTER SCHOOL INSTITUTE,0.01,16,0.44,16201,0.498,0.53,0.466,18.62975,0.1638297872340425,940,873.12,41051.0,57,52,109
9000,COLORADO SCHOOL FOR THE DEAF AND BLIND,0.01,16,0.634,194,0.19,0.222,0.16699999999999998,5.59,0.05405405405405406,37,36.31,51534.0,0,0,0
10,MAPLETON 1,0.688,15,0.627,8297,0.5710000000000001,0.612,0.524,19.793999999999997,0.13583138173302112,427,422.95,49527.57,0,0,0
20,ADAMS 12 FIVE STAR SCHOOLS,0.491,15,0.39299999999999996,38205,0.777,0.8240000000000001,0.7340000000000001,19.688269230769233,0.11415094339622645,2120,2063.74,57561.38,1044,857,1901
30,ADAMS COUNTY 14,0.8759999999999999,15,0.8540000000000001,7003,0.642,0.747,0.5539999999999999,20.438461538461542,0.2233502538071066,394,387.86,52461.61,197,108,305
50,BENNETT 29J,0.253,15,0.303,1036,0.773,0.88,0.7070000000000001,19.313333333333336,0.07272727272727275,55,54.89,38883.72,0,0,0
60,STRASBURG 31J,0.17800000000000002,15,0.22699999999999998,960,0.87,0.878,0.863,16.259999999999998,0.0,58,54.15,42701.05,239,205,444
70,WESTMINSTER 50,0.846,15,0.8320000000000001,8977,0.594,0.6890000000000001,0.501,19.57368421052632,0.19477911646586343,498,493.1,59040.02,0,0,0
100,ALAMOSA RE-11J,0.6920000000000001,15,0.6459999999999999,2237,0.746,0.8,0.701,22.54,0.373015873015873,126,124.81,47571.9,94,43,137
110,SANGRE DE CRISTO RE-22J,0.33899999999999997,15,0.56,291,0.9570000000000001,0.917,1.0,11.719999999999999,0.15384615384615385,26,26.49,36887.92,3,7,10
120,ENGLEWOOD 1,0.49700000000000005,15,0.584,2640,0.469,0.5379999999999999,0.406,19.78555555555555,0.03141361256544506,191,180.74,52439.25,49,37,86
123,SHERIDAN 2,0.865,15,0.9009999999999999,1377,0.759,0.8640000000000001,0.688,18.509999999999998,0.12871287128712872,101,95.25,50503.29,0,0,0
130,CHERRY CREEK 5,0.457,15,0.29600000000000004,52919,0.872,0.902,0.843,20.22921875,0.12073324905183314,3164,3043.82,67939.69,5811,4659,10470
140,LITTLETON 6,0.265,15,0.18,15096,0.875,0.9129999999999999,0.833,24.44652173913043,0.06235827664399096,882,843.48,64738.93,1233,1152,2385
170,DEER TRAIL 26J,0.23800000000000002,15,0.479,167,1.0,1.0,1.0,15.905,0.0,14,12.04,38763.34,0,0,0
180,ADAMS-ARAPAHOE 28J,0.823,15,0.66,40429,0.59,0.634,0.551,21.931355932203395,0.16260162601626016,2337,2288.12,54230.2,712,602,1314
190,BYERS 32J,0.591,15,0.415,2994,0.7909999999999999,0.804,0.782,92.27714285714288,0.0449438202247191,89,72.4,38767.04,0,0,0
220,ARCHULETA COUNTY 50 JT,0.389,15,0.519,1372,0.92,0.976,0.8809999999999999,16.273333333333337,0.09302325581395354,86,84.14,43407.47,0,0,0
230,WALSH RE-1,0.188,15,0.5920000000000001,142,0.917,1.0,0.875,13.530000000000001,0.0,13,13.11,37643.15,0,0,0
240,PRITCHETT RE-3,0.1,15,0.574,47,1.0,0.0,1.0,5.010000000000001,0.0,11,10.13,24921.81,0,0,0
250,SPRINGFIELD RE-4,0.20199999999999999,15,0.685,260,0.897,0.857,0.9329999999999999,9.504999999999999,0.16000000000000003,25,32.33,28832.27,0,0,0
260,VILAS RE-5,0.289,15,0.784,51,0.111,0.25,0.0,6.69,0.2222222222222222,9,7.88,32674.29,0,0,0
270,CAMPO RE-6,0.135,15,0.71,31,0.857,1.0,0.667,3.925,0.0,11,9.65,34165.03,0,0,0
290,LAS ANIMAS RE-1,0.473,15,0.7929999999999999,497,0.861,0.895,0.8240000000000001,19.682499999999997,0.24242424242424243,33,31.73,36609.27,0,0,0
310,MC CLAVE RE-2,0.019,15,0.531,239,1.0,1.0,1.0,12.33,0.04166666666666663,24,21.23,34348.23,0,0,0
470,ST VRAIN VALLEY RE 1J,0.359,15,0.319,30379,0.818,0.87,0.767,23.397254901960785,0.07204116638078906,1749,1704.88,52941.08,0,0,0
480,BOULDER VALLEY RE 2,0.309,15,0.217,30331,0.9229999999999999,0.951,0.895,19.380701754385967,0.1159978009895547,1819,1679.73,71574.2,3266,2706,5972
490,BUENA VISTA R-31,0.168,15,0.401,934,0.7809999999999999,0.9129999999999999,0.66,13.4125,0.04477611940298509,67,61.57,45685.51,4,0,4
500,SALIDA R-32,0.195,15,0.38299999999999995,1134,0.75,0.7759999999999999,0.7140000000000001,13.635,0.07499999999999996,80,78.58,41080.61,64,39,103
510,KIT CARSON R-1,0.172,15,0.539,128,0.8,1.0,0.0,8.129999999999999,0.0625,16,15.75,36602.13,0,0,0
520,CHEYENNE COUNTY RE-5,0.18,15,0.5670000000000001,171,0.846,1.0,0.7140000000000001,9.844999999999999,0.052631578947368474,19,18.47,36841.22,0,0,0
540,CLEAR CREEK RE-1,0.153,15,0.22899999999999998,820,0.6890000000000001,0.7140000000000001,0.667,13.629999999999999,0.02941176470588236,68,66.0,43230.84,11,3,14
550,NORTH CONEJOS RE-1J,0.58,15,0.687,977,0.833,0.821,0.846,14.35,0.3013698630136986,73,72.37,41140.85,1,0,1
560,SANFORD 6J,0.331,15,0.56,352,1.0,1.0,1.0,13.865,0.14814814814814814,27,26.37,41084.51,11,8,19
580,SOUTH CONEJOS RE-10,0.9309999999999999,15,0.9309999999999999,216,0.889,0.833,0.917,9.93,0.7142857142857143,21,20.85,37947.62,0,0,0
640,CENTENNIAL R-1,0.9079999999999999,15,0.85,213,0.769,0.8,0.75,11.5,0.5,20,19.81,36613.69,0,0,0
740,SIERRA GRANDE R-30,0.748,15,0.862,290,0.941,1.0,0.9,13.9,0.6363636363636364,22,20.83,39184.77,0,0,0
770,CROWLEY COUNTY RE-1-J,0.447,15,0.7170000000000001,445,0.848,0.909,0.818,15.323333333333332,0.06896551724137934,29,29.95,35064.84,0,0,0
860,CUSTER COUNTY SCHOOL DISTRICT C-1,0.064,15,0.507,365,0.727,0.7859999999999999,0.684,12.056666666666667,0.0,33,32.09,36633.67,32,7,39
870,DELTA COUNTY 50(J),0.26,15,0.561,4704,0.825,0.879,0.7829999999999999,23.360588235294113,0.06397306397306401,297,284.48,41348.31,437,342,779
880,DENVER COUNTY 1,0.773,15,0.691,85239,0.648,0.713,0.585,15.154670050761423,0.25033579583613164,5956,6009.29,50247.36,4765,3646,8411
890,DOLORES COUNTY RE NO.2,0.092,15,0.523,262,0.813,0.857,0.778,11.336666666666666,0.0,23,22.02,38218.86,0,0,0
900,DOUGLAS COUNTY RE 1,0.245,15,0.122,65033,0.9,0.9209999999999999,0.879,20.838295454545456,0.04574223245109321,3476,3362.11,51274.18,4942,3785,8727
910,EAGLE COUNTY RE 50,0.556,15,0.41100000000000003,6559,0.815,0.835,0.797,15.252777777777778,0.08552631578947367,456,439.08,49060.76,560,390,950
920,ELIZABETH C-1,0.13699999999999998,15,0.18,2352,0.8759999999999999,0.9470000000000001,0.8240000000000001,48.25125,0.03797468354430378,158,146.75,38419.24,60,35,95
930,KIOWA C-2,0.15,15,0.368,266,0.963,1.0,0.9229999999999999,13.666666666666666,0.0,21,21.16,33715.33,20,13,33
940,BIG SANDY 100J,0.16,15,0.435,276,0.8,0.9,0.733,11.24,0.03448275862068961,29,26.18,39278.37,0,0,0
950,ELBERT 200,0.094,15,0.32,197,0.9129999999999999,0.889,0.929,10.33,0.09090909090909094,22,20.4,39477.79,0,0,0
960,AGATE 300,0.33299999999999996,15,1.0,3,0.0,0.0,0.0,1.01,0.0,3,2.97,24699.07,0,0,0
970,CALHAN RJ-1,0.235,15,0.44299999999999995,436,0.848,0.882,0.813,15.486666666666666,0.06451612903225812,31,28.73,47444.21,15,16,31
980,HARRISON 2,0.736,15,0.69,11777,0.8079999999999999,0.865,0.746,17.511200000000002,0.15000000000000002,740,732.65,42248.88,289,208,497
990,WIDEFIELD 3,0.496,15,0.503,9008,0.779,0.8390000000000001,0.72,17.410625000000003,0.12570356472795496,533,526.1,44918.99,322,230,552
1000,FOUNTAIN 8,0.511,15,0.508,7680,0.8190000000000001,0.845,0.7929999999999999,16.244615384615386,0.15264187866927592,511,506.16,48090.47,339,265,604
1010,COLORADO SPRINGS 11,0.478,15,0.589,27281,0.685,0.7440000000000001,0.631,16.534642857142856,0.13649851632047483,1685,1641.57,48023.75,983,852,1835
1020,CHEYENNE MOUNTAIN 12,0.282,15,0.141,4965,0.9570000000000001,0.98,0.93,15.79909090909091,0.05128205128205132,351,350.82,44267.55,619,546,1165
1030,MANITOU SPRINGS 14,0.162,15,0.258,1451,0.843,0.882,0.8140000000000001,14.3375,0.019607843137254943,102,101.4,41284.34,0,0,0
1040,ACADEMY 20,0.267,15,0.135,24707,0.902,0.92,0.885,16.69861111111111,0.09514687100893993,1566,1484.28,47511.75,2004,1623,3627
1050,ELLICOTT 22,0.381,15,0.6970000000000001,960,0.895,0.929,0.862,13.37,0.09333333333333338,75,75.24,39813.88,0,0,0
1060,PEYTON 23 JT,0.209,15,0.299,639,0.8640000000000001,0.9570000000000001,0.8140000000000001,16.335,0.023255813953488413,43,42.43,39412.78,0,0,0
1070,HANOVER 28,0.321,15,0.7759999999999999,241,0.833,0.875,0.75,12.645,0.0,20,20.15,38895.84,2,0,2
1080,LEWIS-PALMER 38,0.185,15,0.115,6106,0.9570000000000001,0.9490000000000001,0.963,17.246666666666666,0.06382978723404253,376,353.36,45929.44,768,688,1456
1110,FALCON 49,0.40299999999999997,15,0.349,20269,0.57,0.591,0.5489999999999999,21.452272727272724,0.08817204301075265,930,932.57,42534.44,528,357,885
1120,EDISON 54 JT,0.111,15,0.36700000000000005,207,0.5479999999999999,0.4,0.688,5.04,0.0,12,12.1,37534.14,0,0,0
1130,MIAMI/YODER 60 JT,0.268,15,0.652,264,0.882,1.0,0.778,13.885,0.04761904761904767,21,20.86,35689.14,0,0,0
1140,CANON CITY RE-1,0.188,15,0.569,3672,0.752,0.795,0.7040000000000001,21.407777777777778,0.03404255319148941,235,227.23,46679.47,0,0,0
1150,FREMONT RE-2,0.218,15,0.563,1306,0.711,0.758,0.6609999999999999,13.9725,0.07291666666666663,96,94.83,41396.11,0,0,0
1160,COTOPAXI RE-3,0.113,15,0.48700000000000004,189,0.9,1.0,0.75,10.43,0.0,20,19.94,39083.05,0,0,0
1180,ROARING FORK RE-1,0.578,15,0.40299999999999997,5407,0.8220000000000001,0.897,0.7609999999999999,14.512500000000001,0.06648199445983383,361,347.2,49497.36,265,176,441
1195,GARFIELD RE-2,0.474,15,0.5379999999999999,4677,0.83,0.9009999999999999,0.7559999999999999,16.895,0.03759398496240607,266,261.51,43584.59,62,50,112
1220,GARFIELD 16,0.39799999999999996,15,0.578,1037,0.72,0.821,0.66,17.895,0.016129032258064502,62,61.34,46103.08,191,215,406
1330,GILPIN COUNTY RE-1,0.212,15,0.28,415,0.833,0.889,0.778,13.405000000000001,0.08571428571428574,35,34.59,42603.78,19,22,41
1350,EAST GRAND 2,0.17800000000000002,15,0.34,1243,0.895,0.909,0.8809999999999999,12.254000000000001,0.0,102,97.53,45708.87,102,59,161
1360,GUNNISON WATERSHED RE1J,0.191,15,0.265,1910,0.899,0.857,0.9329999999999999,21.75857142857143,0.01526717557251911,131,126.57,45779.31,0,0,0
1380,HINSDALE COUNTY RE 1,0.11,15,0.316,95,0.667,0.0,0.667,7.7,0.08333333333333337,12,13.92,35318.82,0,0,0
1390,HUERFANO RE-1,0.677,15,0.7659999999999999,516,0.87,0.938,0.7140000000000001,13.43,0.17948717948717952,39,39.48,33639.65,0,0,0
1400,LA VETA RE-2,0.27899999999999997,15,0.652,210,1.0,1.0,1.0,10.225,0.13043478260869568,23,21.77,38449.13,0,0,0
1420,JEFFERSON COUNTY R-1,0.33,15,0.313,83760,0.8290000000000001,0.856,0.804,20.24159509202454,0.09530583214793742,4921,4787.25,54922.87,6259,5041,11300
1430,EADS RE-1,0.129,15,0.405,153,1.0,1.0,1.0,9.886666666666668,0.0,20,18.08,35880.23,0,0,0
1440,PLAINVIEW RE-2,0.145,15,0.561,57,1.0,0.0,1.0,5.965,0.0,10,10.42,31235.25,0,0,0
1450,ARRIBA-FLAGLER C-20,0.125,15,0.509,161,0.8,0.667,1.0,10.72,0.0,18,17.17,38173.86,0,0,0
1460,HI-PLAINS R-23,0.244,15,0.633,109,0.889,1.0,0.667,7.29,0.0,17,16.87,35282.25,0,0,0
1480,STRATTON R-4,0.221,15,0.555,182,0.857,0.0,1.0,10.446666666666667,0.0,19,18.89,31399.98,0,0,0
1490,BETHUNE R-5,0.389,15,0.7240000000000001,105,1.0,1.0,1.0,7.91,0.11111111111111116,18,14.28,38514.78,0,0,0
1500,BURLINGTON RE-6J,0.442,15,0.629,711,0.825,0.826,0.8240000000000001,15.086666666666666,0.07843137254901966,51,50.8,34623.47,0,0,0
1510,LAKE COUNTY R-1,0.716,15,0.7440000000000001,968,0.718,0.795,0.625,39.2125,0.07407407407407407,54,53.31,37892.05,0,0,0
1520,DURANGO 9-R,0.28600000000000003,15,0.305,4537,0.7879999999999999,0.846,0.735,30.49,0.07189542483660127,306,291.89,48974.67,202,212,414
1530,BAYFIELD 10 JT-R,0.215,15,0.292,1318,0.777,0.7559999999999999,0.7959999999999999,14.493333333333332,0.021276595744680882,94,91.85,46092.55,33,29,62
1540,IGNACIO 11 JT,0.68,15,0.5660000000000001,857,0.698,0.769,0.63,12.756666666666668,0.17910447761194026,67,65.61,40062.87,0,0,0
1550,POUDRE R-1,0.265,15,0.312,28704,0.7859999999999999,0.81,0.762,17.389423076923073,0.0714285714285714,1820,1714.65,53383.59,2080,1943,4023
1560,THOMPSON R2-J,0.255,15,0.36,15484,0.775,0.8270000000000001,0.7290000000000001,17.55848484848485,0.050000000000000044,920,868.4,48748.07,1124,917,2041
1570,ESTES PARK R-3,0.289,15,0.361,1106,0.902,0.971,0.851,21.56,0.0888888888888889,90,81.47,46690.86,47,42,89
1580,TRINIDAD 1,0.7829999999999999,15,0.7390000000000001,1040,0.81,0.792,0.8240000000000001,18.9775,0.4363636363636364,55,55.23,45328.57,0,0,0
1590,PRIMERO REORGANIZED 2,0.488,15,0.508,191,0.875,0.0,0.875,11.165,0.42105263157894735,19,17.83,40647.94,0,0,0
1600,HOEHNE REORGANIZED 3,0.54,15,0.426,359,0.889,0.882,0.9,16.83,0.0,25,21.33,48644.68,0,0,0
1620,AGUILAR REORGANIZED 6,0.605,15,0.7979999999999999,109,0.5710000000000001,0.667,0.5,10.575,0.0,13,13.25,37428.24,0,0,0
1750,BRANSON REORGANIZED 82,0.261,15,0.253,463,0.706,0.7390000000000001,0.636,12.89,0.0,30,29.89,38999.86,0,0,0
1760,KIM REORGANIZED 88,0.122,15,0.6,45,1.0,1.0,1.0,5.445,0.0,11,9.73,28477.99,0,0,0
1780,GENOA-HUGO C113,0.08900000000000001,15,0.48100000000000004,160,0.818,0.833,0.8,9.62,0.0,18,18.72,36546.4,0,0,0
1790,LIMON RE-4J,0.196,15,0.375,491,0.9059999999999999,1.0,0.8240000000000001,15.36,0.0,33,32.13,35917.16,0,0,0
1810,KARVAL RE-23,0.047,15,0.419,43,0.1,0.2,0.0,5.21,1.0,9,8.17,33804.46,1,2,3
1828,VALLEY RE-1,0.29600000000000004,15,0.523,2120,0.7070000000000001,0.722,0.69,72.49571428571429,0.045454545454545414,154,147.62,39346.35,0,0,0
1850,FRENCHMAN RE-3,0.122,15,0.419,191,0.9440000000000001,1.0,0.667,10.649999999999999,0.0,19,19.23,39255.99,0,0,0
1860,BUFFALO RE-4J,0.12300000000000001,15,0.314,309,0.773,0.667,0.813,14.239999999999998,0.0,22,21.81,41987.86,0,0,0
1870,PLATEAU RE-5,0.057999999999999996,15,0.316,158,0.938,1.0,0.875,9.345,0.05555555555555558,18,18.58,38012.51,0,0,0
1980,DE BEQUE 49JT,0.121,15,0.426,136,0.6,0.0,0.75,8.48,0.0,18,17.3,43079.73,0,0,0
1990,PLATEAU VALLEY 50,0.19899999999999998,15,0.28300000000000003,431,0.187,0.138,0.205,16.805,0.032258064516129004,31,31.23,42053.54,5,10,15
2000,MESA COUNTY VALLEY 51,0.294,15,0.49200000000000005,21207,0.797,0.8190000000000001,0.7759999999999999,17.964545454545455,0.07733131159969675,1319,1276.32,48269.11,1455,1212,2667
2010,CREEDE SCHOOL DISTRICT,0.131,15,0.631,84,1.0,1.0,1.0,7.69,0.09090909090909094,11,10.92,40145.86,0,0,0
2020,MOFFAT COUNTY RE:NO 1,0.27399999999999997,15,0.42,2053,0.8109999999999999,0.902,0.721,17.23375,0.030303030303030276,132,129.53,45480.11,87,78,165
2035,MONTEZUMA-CORTEZ RE-1,0.5,15,0.573,2677,0.675,0.688,0.66,24.669,0.07006369426751591,157,156.06,37561.03,36,24,60
2055,DOLORES RE-4A,0.22399999999999998,15,0.45,725,0.789,0.852,0.733,13.263333333333334,0.054545454545454564,55,53.6,39462.4,0,0,0
2070,MANCOS RE-6,0.29600000000000004,15,0.585,458,0.885,0.9229999999999999,0.846,13.395000000000001,0.05555555555555558,36,36.45,35447.46,0,0,0
2180,MONTROSE COUNTY RE-1J,0.43,15,0.504,5888,0.795,0.825,0.762,18.88266666666667,0.02209944751381221,362,354.14,46418.59,115,52,167
2190,WEST END RE-2,0.129,15,0.638,254,0.722,0.909,0.429,12.0,0.040000000000000036,25,23.39,38677.83,0,0,0
2395,BRUSH RE-2(J),0.515,15,0.601,1404,0.8740000000000001,0.857,0.8909999999999999,16.082500000000003,0.13978494623655913,93,91.32,38347.29,18,12,30
2405,FORT MORGAN RE-3,0.6709999999999999,15,0.695,2937,0.6779999999999999,0.736,0.612,14.853750000000002,0.06896551724137934,203,200.17,41266.97,10,19,29
2505,WELDON VALLEY RE-20(J),0.166,15,0.35600000000000004,216,1.0,1.0,1.0,13.643333333333333,0.11764705882352944,17,17.11,35175.67,0,0,0
2515,WIGGINS RE-50(J),0.29,15,0.45799999999999996,513,0.862,0.9329999999999999,0.7859999999999999,15.133333333333333,0.05555555555555558,36,36.71,38625.79,0,0,0
2520,EAST OTERO R-1,0.7070000000000001,15,0.767,1290,0.752,0.833,0.6890000000000001,16.46666666666667,0.1578947368421053,76,76.27,38316.03,9,2,11
2530,ROCKY FORD R-2,0.762,15,0.7959999999999999,790,0.7140000000000001,0.615,0.773,13.956666666666669,0.2542372881355932,59,58.57,36353.93,0,0,0
2535,MANZANOLA 3J,0.639,15,0.695,131,0.917,1.0,0.8,7.835000000000001,0.11111111111111116,18,16.97,37742.23,0,0,0
2540,FOWLER R-4J,0.248,15,0.5760000000000001,387,0.909,1.0,0.867,9.590000000000002,0.1428571428571429,35,41.78,30356.61,0,0,0
2560,CHERAW 31,0.272,15,0.662,198,1.0,1.0,1.0,10.8,0.052631578947368474,19,19.67,35960.32,0,0,0
2570,SWINK 33,0.268,15,0.444,381,1.0,1.0,1.0,13.855,0.0714285714285714,28,27.34,38561.08,0,0,0
2580,OURAY R-1,0.128,15,0.341,167,0.8,0.875,0.7140000000000001,7.363333333333333,0.0,27,25.66,45805.44,0,0,0
2590,RIDGWAY R-2,0.129,15,0.262,328,0.897,0.938,0.846,11.346666666666666,0.0625,32,30.64,44698.31,3,0,3
2600,PLATTE CANYON 1,0.183,15,0.307,977,0.738,0.792,0.7070000000000001,16.44333333333333,0.06060606060606055,66,63.35,43254.89,21,27,48
2610,PARK COUNTY RE-2,0.17800000000000002,15,0.478,544,0.882,0.882,0.882,13.886000000000001,0.045454545454545414,44,41.07,39397.55,3,5,8
2620,HOLYOKE RE-1J,0.48,15,0.45799999999999996,594,0.889,0.818,0.9570000000000001,11.536666666666667,0.06666666666666665,45,44.93,38279.05,5,4,9
2630,HAXTUN RE-2J,0.122,15,0.36200000000000004,293,0.966,0.9440000000000001,1.0,12.559999999999999,0.0,26,25.58,38552.06,0,0,0
2640,ASPEN 1,0.157,15,0.043,1671,0.956,1.0,0.914,20.358,0.013986013986013957,143,136.97,56776.36,17,20,37
2650,GRANADA RE-1,0.706,15,0.595,195,0.857,0.889,0.833,11.18,0.19047619047619047,21,19.23,38565.54,0,0,0
2660,LAMAR RE-2,0.589,15,0.6579999999999999,1453,0.7070000000000001,0.732,0.69,17.203333333333333,0.14018691588785048,107,104.71,40386.27,1,0,1
2670,HOLLY RE-3,0.59,15,0.7290000000000001,269,0.9440000000000001,1.0,0.909,12.549999999999999,0.04166666666666663,24,23.89,35777.46,0,0,0
2680,WILEY RE-13 JT,0.263,15,0.502,245,0.733,0.857,0.625,11.325,0.08695652173913049,23,23.19,33105.8,63,43,106
2690,PUEBLO CITY 60,0.7490000000000001,15,0.685,16772,0.713,0.769,0.657,17.507878787878788,0.30126336248785224,1029,1039.47,45459.08,300,158,458
2700,PUEBLO COUNTY 70,0.41200000000000003,15,0.446,9299,0.821,0.8490000000000001,0.7979999999999999,19.71625,0.1838383838383838,495,485.78,46781.74,348,278,626
2710,MEEKER RE1,0.16,15,0.34299999999999997,645,0.8809999999999999,0.9520000000000001,0.81,16.30666666666667,0.0,40,39.07,46503.81,0,0,0
2720,RANGELY RE-4,0.114,15,0.353,504,0.848,0.75,0.905,14.635000000000002,0.0,35,34.18,37905.55,0,0,0
2730,DEL NORTE C-7,0.613,15,0.643,426,0.767,0.733,0.8,11.466666666666667,0.2571428571428571,35,37.07,37490.96,0,0,0
2740,MONTE VISTA C-8,0.725,15,0.713,1140,0.758,0.784,0.727,16.763333333333332,0.35064935064935066,77,77.61,38668.35,57,54,111
2750,SARGENT RE-33J,0.273,15,0.365,406,0.9,0.8240000000000001,1.0,13.393333333333333,0.03125,32,30.77,36769.7,4,8,12
2760,HAYDEN RE-1,0.129,15,0.389,370,0.9390000000000001,1.0,0.889,11.143333333333333,0.0,37,36.55,47377.71,0,0,0
2770,STEAMBOAT SPRINGS RE-2,0.16,15,0.19,2516,0.895,0.924,0.871,14.944285714285714,0.005649717514124242,177,171.64,52915.34,162,171,333
2780,SOUTH ROUTT RE 3,0.075,15,0.429,326,0.862,0.938,0.769,10.066666666666668,0.0,33,32.51,41183.33,2,2,4
2790,MOUNTAIN VALLEY RE 1,0.306,15,0.655,119,0.556,0.4,0.75,8.520000000000001,0.23529411764705888,17,17.23,30022.58,0,0,0
2800,MOFFAT 2,0.21,15,0.8390000000000001,192,0.7859999999999999,1.0,0.625,8.4,0.0,20,22.41,30223.1,0,0,0
2810,CENTER 26 JT,0.9179999999999999,15,0.92,602,0.764,0.8059999999999999,0.708,15.279999999999998,0.39583333333333337,48,47.59,37771.11,0,0,0
2820,SILVERTON 1,0.324,15,0.6409999999999999,64,0.0,0.0,0.0,5.78,0.0,12,12.15,38374.97,0,0,0
2830,TELLURIDE R-1,0.213,15,0.248,895,0.868,0.897,0.833,12.770000000000001,0.05128205128205132,78,73.3,55856.28,117,124,241
2840,NORWOOD R-2J,0.11199999999999999,15,0.5710000000000001,245,0.958,1.0,0.909,11.55,0.04166666666666663,24,22.73,42448.26,0,0,0
2862,JULESBURG RE-1,0.28800000000000003,15,0.54,628,0.397,0.433,0.35600000000000004,16.906666666666666,0.0,39,36.5,42650.33,0,0,0
3000,SUMMIT RE-1,0.391,15,0.371,3346,0.941,0.9490000000000001,0.934,15.029999999999998,0.06334841628959276,221,199.54,55711.54,58,27,85
3010,CRIPPLE CREEK-VICTOR RE-1,0.151,15,0.64,325,0.643,0.769,0.5329999999999999,13.55,0.0357142857142857,28,27.15,38179.58,11,3,14
3020,WOODLAND PARK RE-2,0.15,15,0.317,2396,0.79,0.856,0.7170000000000001,16.928000000000004,0.013698630136986356,146,147.78,41995.46,103,95,198
3030,AKRON R-1,0.245,15,0.528,335,0.96,1.0,0.857,9.66,0.03448275862068961,29,35.12,30992.38,0,0,0
3040,ARICKAREE R-2,0.282,15,0.541,98,1.0,1.0,1.0,7.075,0.0625,16,14.56,34947.55,0,0,0
3050,OTIS R-3,0.11699999999999999,15,0.565,223,0.8,0.8,0.8,9.64,0.0,22,24.85,27813.96,0,0,0
3060,LONE STAR 101,0.01,15,0.41700000000000004,103,0.75,1.0,0.625,6.3933333333333335,0.0,17,17.84,28469.84,0,0,0
3070,WOODLIN R-104,0.136,15,0.5,96,0.667,1.0,0.0,9.675,0.0,13,11.49,27901.05,0,0,0
3080,WELD COUNTY RE-1,0.584,15,0.5820000000000001,1870,0.84,0.927,0.733,14.843333333333334,0.125,136,135.65,46176.17,0,0,0
3085,EATON RE-2,0.268,15,0.361,1918,0.9570000000000001,1.0,0.912,16.476,0.03361344537815125,119,115.78,46172.54,0,0,0
3100,WINDSOR RE-4,0.188,15,0.158,5368,0.894,0.9179999999999999,0.87,17.778,0.03703703703703709,324,311.88,48172.18,247,163,410
3110,JOHNSTOWN-MILLIKEN RE-5J,0.32799999999999996,15,0.292,3653,0.82,0.878,0.765,19.643333333333334,0.10204081632653061,196,192.64,50605.44,40,24,64
3120,GREELEY 6,0.659,15,0.66,21499,0.769,0.815,0.723,18.701290322580647,0.13025889967637538,1236,1208.65,48026.41,614,517,1131
3130,PLATTE VALLEY RE-7,0.36,15,0.452,1110,0.945,0.978,0.9129999999999999,13.76,0.012195121951219523,82,80.75,47595.68,0,0,0
3140,WELD COUNTY S/D RE-8,0.7490000000000001,15,0.736,2178,0.799,0.789,0.8079999999999999,16.348000000000003,0.19594594594594594,148,143.9,46556.21,0,0,0
3145,AULT-HIGHLAND RE-9,0.36,15,0.45,829,0.857,0.958,0.76,14.07,0.048387096774193505,62,59.83,39934.92,36,19,55
3146,BRIGGSDALE RE-10,0.11,15,0.342,161,0.9229999999999999,0.9,1.0,9.555,0.0,18,18.09,39557.91,0,0,0
3147,PRAIRIE RE-11,0.068,15,0.249,193,1.0,1.0,1.0,13.829999999999998,0.05555555555555558,18,15.04,43190.65,0,0,0
3148,PAWNEE RE-12,0.138,15,0.429,84,1.0,1.0,1.0,4.53,0.0,16,19.23,30386.79,0,0,0
3200,YUMA 1,0.5479999999999999,15,0.645,774,0.8809999999999999,0.97,0.769,20.6025,0.05882352941176472,68,66.43,41263.71,0,0,0
3210,WRAY RD-2,0.309,15,0.5660000000000001,640,0.8240000000000001,0.8,0.846,13.623333333333335,0.020000000000000018,50,49.5,36815.72,0,0,0
3220,IDALIA RJ-3,0.307,15,0.602,191,0.857,1.0,0.8,13.545,0.0,18,15.48,38644.21,0,0,0
3230,LIBERTY J-4,0.13,15,0.302,63,1.0,0.0,1.0,15.105,0.0,7,6.05,38753.16,0,0,0
8001,CHARTER SCHOOL INSTITUTE,0.527,15,0.426,14887,0.424,0.435,0.413,19.26222222222222,0.14423076923076927,832,791.81,39656.13,158,129,287
10,MAPLETON 1,0.6806,14,0.6072,8240,0.525,0.615,0.436,19.264666666666663,1.0,423,414.5,48384.24,0,0,0
10,MAPLETON 1,0.6806,14,0.6072,8240,0.525,0.615,0.436,19.264666666666663,1.0,423,414.5,48384.24,0,0,0
20,ADAMS 12 FIVE STAR SCHOOLS,0.4827,14,0.37939999999999996,37665,0.7390000000000001,0.804,0.68,20.611538461538462,0.9932301740812379,2068,1998.3,51781.52,857,677,1534
20,ADAMS 12 FIVE STAR SCHOOLS,0.4827,14,0.37939999999999996,37665,0.7390000000000001,0.804,0.68,20.611538461538462,0.9932301740812379,2068,1998.3,51781.52,857,677,1534
30,ADAMS COUNTY 14,0.8742,14,0.7287,6980,0.659,0.6829999999999999,0.632,19.437692307692306,0.9876847290640394,406,402.3,49905.46,319,223,542
30,ADAMS COUNTY 14,0.8742,14,0.7287,6980,0.659,0.6829999999999999,0.632,19.437692307692306,0.9876847290640394,406,402.3,49905.46,319,223,542
50,BENNETT 29J,0.2437,14,0.3419,1012,0.8440000000000001,0.9309999999999999,0.7709999999999999,19.576666666666664,1.0,52,52.4,37742.28,0,0,0
50,BENNETT 29J,0.2437,14,0.3419,1012,0.8440000000000001,0.9309999999999999,0.7709999999999999,19.576666666666664,1.0,52,52.4,37742.28,0,0,0
60,STRASBURG 31J,0.16510000000000002,14,0.21719999999999998,976,0.85,0.865,0.8370000000000001,15.572500000000002,1.0,62,59.6,40263.94,217,226,443
60,STRASBURG 31J,0.16510000000000002,14,0.21719999999999998,976,0.85,0.865,0.8370000000000001,15.572500000000002,1.0,62,59.6,40263.94,217,226,443
70,WESTMINSTER 50,0.8261,14,0.7676000000000001,9626,0.5710000000000001,0.647,0.507,18.7665,0.9871086556169429,543,534.8,54839.88,0,0,0
70,WESTMINSTER 50,0.8261,14,0.7676000000000001,9626,0.5710000000000001,0.647,0.507,18.7665,0.9871086556169429,543,534.8,54839.88,0,0,0
100,ALAMOSA RE-11J,0.7134999999999999,14,0.6784,2136,0.745,0.8240000000000001,0.679,25.197499999999998,0.9915966386554622,119,118.3,45180.91,107,68,175
100,ALAMOSA RE-11J,0.7134999999999999,14,0.6784,2136,0.745,0.8240000000000001,0.679,25.197499999999998,0.9915966386554622,119,118.3,45180.91,107,68,175
110,SANGRE DE CRISTO RE-22J,0.3353,14,0.6043999999999999,321,1.0,1.0,1.0,12.895,0.962962962962963,27,27.1,34341.33,10,5,15
110,SANGRE DE CRISTO RE-22J,0.3353,14,0.6043999999999999,321,1.0,1.0,1.0,12.895,0.962962962962963,27,27.1,34341.33,10,5,15
120,ENGLEWOOD 1,0.47979999999999995,14,0.6224000000000001,2656,0.496,0.573,0.429,19.99,1.0,194,186.0,53004.72,71,58,129
120,ENGLEWOOD 1,0.47979999999999995,14,0.6224000000000001,2656,0.496,0.573,0.429,19.99,1.0,194,186.0,53004.72,71,58,129
123,SHERIDAN 2,0.862,14,0.9092,1376,0.602,0.6709999999999999,0.5,42.449999999999996,1.0,93,86.9,47769.53,0,0,0
123,SHERIDAN 2,0.862,14,0.9092,1376,0.602,0.6709999999999999,0.5,42.449999999999996,1.0,93,86.9,47769.53,0,0,0
130,CHERRY CREEK 5,0.45289999999999997,14,0.3028,52805,0.866,0.899,0.8320000000000001,21.555161290322584,0.9780882819942839,3149,3039.1,64839.96,5497,4601,10098
130,CHERRY CREEK 5,0.45289999999999997,14,0.3028,52805,0.866,0.899,0.8320000000000001,21.555161290322584,0.9780882819942839,3149,3039.1,64839.96,5497,4601,10098
140,LITTLETON 6,0.26,14,0.19079999999999997,15007,0.907,0.927,0.887,21.839565217391304,0.9942857142857143,875,843.8,60413.52,1378,1153,2531
140,LITTLETON 6,0.26,14,0.19079999999999997,15007,0.907,0.927,0.887,21.839565217391304,0.9942857142857143,875,843.8,60413.52,1378,1153,2531
170,DEER TRAIL 26J,0.2065,14,0.5697,165,1.0,1.0,1.0,9.9,1.0,19,18.8,36874.81,0,0,0
170,DEER TRAIL 26J,0.2065,14,0.5697,165,1.0,1.0,1.0,9.9,1.0,19,18.8,36874.81,0,0,0
180,ADAMS-ARAPAHOE 28J,0.8225,14,0.6970999999999999,40009,0.5589999999999999,0.606,0.513,22.949310344827584,0.9848619768477292,2246,2236.3,48704.42,369,298,667
180,ADAMS-ARAPAHOE 28J,0.8225,14,0.6970999999999999,40009,0.5589999999999999,0.606,0.513,22.949310344827584,0.9848619768477292,2246,2236.3,48704.42,369,298,667
190,BYERS 32J,0.21710000000000002,14,0.1353,2099,0.892,0.7859999999999999,0.9570000000000001,29.882857142857144,1.0,81,71.6,41179.04,24,10,34
190,BYERS 32J,0.21710000000000002,14,0.1353,2099,0.892,0.7859999999999999,0.9570000000000001,29.882857142857144,1.0,81,71.6,41179.04,24,10,34
220,ARCHULETA COUNTY 50 JT,0.37929999999999997,14,0.5241,1326,0.863,0.897,0.8390000000000001,15.746666666666668,1.0,87,84.6,43048.25,0,0,0
220,ARCHULETA COUNTY 50 JT,0.37929999999999997,14,0.5241,1326,0.863,0.897,0.8390000000000001,15.746666666666668,1.0,87,84.6,43048.25,0,0,0
230,WALSH RE-1,0.2372,14,0.5373,134,0.938,0.833,1.0,9.49,1.0,15,16.5,32130.26,26,49,75
230,WALSH RE-1,0.2372,14,0.5373,134,0.938,0.833,1.0,9.49,1.0,15,16.5,32130.26,26,49,75
240,PRITCHETT RE-3,0.16219999999999998,14,0.5278,36,1.0,0.0,1.0,2.9899999999999998,1.0,9,12.8,18103.61,0,3,3
240,PRITCHETT RE-3,0.16219999999999998,14,0.5278,36,1.0,0.0,1.0,2.9899999999999998,1.0,9,12.8,18103.61,0,3,3
250,SPRINGFIELD RE-4,0.2207,14,0.6756,262,0.917,0.9,0.929,8.71,0.962962962962963,27,34.1,28648.32,0,0,0
250,SPRINGFIELD RE-4,0.2207,14,0.6756,262,0.917,0.9,0.929,8.71,0.962962962962963,27,34.1,28648.32,0,0,0
260,VILAS RE-5,0.25,14,0.75,96,0.192,0.25,0.14300000000000002,10.170000000000002,1.0,12,10.6,34014.76,1,0,1
260,VILAS RE-5,0.25,14,0.75,96,0.192,0.25,0.14300000000000002,10.170000000000002,1.0,12,10.6,34014.76,1,0,1
270,CAMPO RE-6,0.0682,14,0.7805,41,1.0,0.0,1.0,4.5600000000000005,1.0,11,9.8,30984.0,0,0,0
270,CAMPO RE-6,0.0682,14,0.7805,41,1.0,0.0,1.0,4.5600000000000005,1.0,11,9.8,30984.0,0,0,0
290,LAS ANIMAS RE-1,0.4731,14,0.7905,463,0.875,0.9,0.857,15.0025,1.0,37,34.2,36384.08,0,0,0
290,LAS ANIMAS RE-1,0.4731,14,0.7905,463,0.875,0.9,0.857,15.0025,1.0,37,34.2,36384.08,0,0,0
310,MC CLAVE RE-2,0.0143,14,0.6148,257,1.0,1.0,1.0,12.54,1.0,25,22.3,37244.56,0,0,0
310,MC CLAVE RE-2,0.0143,14,0.6148,257,1.0,1.0,1.0,12.54,1.0,25,22.3,37244.56,0,0,0
470,ST VRAIN VALLEY RE 1J,0.35700000000000004,14,0.3006,29692,0.83,0.884,0.779,19.08686274509804,1.0,1750,1694.3,48975.75,727,672,1399
470,ST VRAIN VALLEY RE 1J,0.35700000000000004,14,0.3006,29692,0.83,0.884,0.779,19.08686274509804,1.0,1750,1694.3,48975.75,727,672,1399
480,BOULDER VALLEY RE 2,0.3032,14,0.1974,30032,0.9179999999999999,0.938,0.899,19.19578947368421,0.9880239520958084,1837,1676.6,65410.92,3209,2780,5989
480,BOULDER VALLEY RE 2,0.3032,14,0.1974,30032,0.9179999999999999,0.938,0.899,19.19578947368421,0.9880239520958084,1837,1676.6,65410.92,3209,2780,5989
490,BUENA VISTA R-31,0.15789999999999998,14,0.41840000000000005,889,0.807,0.88,0.75,12.6,1.0,69,64.1,41978.63,1,1,2
490,BUENA VISTA R-31,0.15789999999999998,14,0.41840000000000005,889,0.807,0.88,0.75,12.6,1.0,69,64.1,41978.63,1,1,2
500,SALIDA R-32,0.19260000000000002,14,0.35609999999999997,1126,0.88,0.8440000000000001,0.907,27.155,1.0,76,73.7,42338.38,97,26,123
500,SALIDA R-32,0.19260000000000002,14,0.35609999999999997,1126,0.88,0.8440000000000001,0.907,27.155,1.0,76,73.7,42338.38,97,26,123
510,KIT CARSON R-1,0.1759,14,0.3981,108,0.833,0.75,1.0,6.025,1.0,16,17.9,30627.63,0,0,0
510,KIT CARSON R-1,0.1759,14,0.3981,108,0.833,0.75,1.0,6.025,1.0,16,17.9,30627.63,0,0,0
520,CHEYENNE COUNTY RE-5,0.1923,14,0.44770000000000004,172,0.833,0.833,0.833,10.07,1.0,18,18.0,35727.35,0,0,0
520,CHEYENNE COUNTY RE-5,0.1923,14,0.44770000000000004,172,0.833,0.833,0.833,10.07,1.0,18,18.0,35727.35,0,0,0
540,CLEAR CREEK RE-1,0.1506,14,0.253,822,0.8079999999999999,0.958,0.679,15.863999999999999,1.0,64,61.0,39694.95,8,9,17
540,CLEAR CREEK RE-1,0.1506,14,0.253,822,0.8079999999999999,0.958,0.679,15.863999999999999,1.0,64,61.0,39694.95,8,9,17
550,NORTH CONEJOS RE-1J,0.584,14,0.6618,964,0.852,0.8240000000000001,0.872,14.99,1.0,73,71.1,40068.78,0,0,0
550,NORTH CONEJOS RE-1J,0.584,14,0.6618,964,0.852,0.8240000000000001,0.872,14.99,1.0,73,71.1,40068.78,0,0,0
560,SANFORD 6J,0.3325,14,0.5604,364,0.9470000000000001,0.909,1.0,14.719999999999999,0.9259259259259259,27,26.5,39415.53,5,10,15
560,SANFORD 6J,0.3325,14,0.5604,364,0.9470000000000001,0.909,1.0,14.719999999999999,0.9259259259259259,27,26.5,39415.53,5,10,15
580,SOUTH CONEJOS RE-10,0.8623999999999999,14,0.8028,218,1.0,1.0,1.0,9.82,1.0,22,22.1,36720.14,0,0,0
580,SOUTH CONEJOS RE-10,0.8623999999999999,14,0.8028,218,1.0,1.0,1.0,9.82,1.0,22,22.1,36720.14,0,0,0
640,CENTENNIAL R-1,0.9186,14,0.8829,205,1.0,1.0,1.0,10.63,1.0,21,20.8,31233.31,0,0,0
640,CENTENNIAL R-1,0.9186,14,0.8829,205,1.0,1.0,1.0,10.63,1.0,21,20.8,31233.31,0,0,0
740,SIERRA GRANDE R-30,0.8109999999999999,14,0.815,254,0.9,0.875,0.909,11.75,1.0,22,21.6,39734.76,0,0,0
740,SIERRA GRANDE R-30,0.8109999999999999,14,0.815,254,0.9,0.875,0.909,11.75,1.0,22,21.6,39734.76,0,0,0
770,CROWLEY COUNTY RE-1-J,0.4142,14,0.7048000000000001,437,0.7140000000000001,0.733,0.6920000000000001,14.183333333333332,0.9666666666666667,30,30.8,34362.14,0,0,0
770,CROWLEY COUNTY RE-1-J,0.4142,14,0.7048000000000001,437,0.7140000000000001,0.733,0.6920000000000001,14.183333333333332,0.9666666666666667,30,30.8,34362.14,0,0,0
860,CUSTER COUNTY SCHOOL DISTRICT C-1,0.0806,14,0.4877,365,0.8540000000000001,0.778,0.9129999999999999,12.520000000000001,0.96875,32,31.3,35549.09,9,2,11
860,CUSTER COUNTY SCHOOL DISTRICT C-1,0.0806,14,0.4877,365,0.8540000000000001,0.778,0.9129999999999999,12.520000000000001,0.96875,32,31.3,35549.09,9,2,11
870,DELTA COUNTY 50(J),0.2579,14,0.5245000000000001,4787,0.816,0.848,0.784,23.00625,1.0,294,283.4,37019.11,246,244,490
870,DELTA COUNTY 50(J),0.2579,14,0.5245000000000001,4787,0.816,0.848,0.784,23.00625,1.0,294,283.4,37019.11,246,244,490
880,DENVER COUNTY 1,0.7795000000000001,14,0.7033,83891,0.628,0.688,0.5720000000000001,15.680319148936169,0.969357380493784,5711,5849.9,43508.2,4784,3909,8693
880,DENVER COUNTY 1,0.7795000000000001,14,0.7033,83891,0.628,0.688,0.5720000000000001,15.680319148936169,0.969357380493784,5711,5849.9,43508.2,4784,3909,8693
890,DOLORES COUNTY RE NO.2,0.0483,14,0.512,250,0.821,0.882,0.727,10.766666666666666,1.0,25,24.8,34505.1,0,0,0
890,DOLORES COUNTY RE NO.2,0.0483,14,0.512,250,0.821,0.882,0.727,10.766666666666666,1.0,25,24.8,34505.1,0,0,0
900,DOUGLAS COUNTY RE 1,0.2465,14,0.1128,64960,0.889,0.9079999999999999,0.871,22.430470588235295,0.9905335628227194,3486,3388.0,50165.0,4841,3750,8591
900,DOUGLAS COUNTY RE 1,0.2465,14,0.1128,64960,0.889,0.9079999999999999,0.871,22.430470588235295,0.9905335628227194,3486,3388.0,50165.0,4841,3750,8591
910,EAGLE COUNTY RE 50,0.5516,14,0.4144,6464,0.816,0.843,0.7859999999999999,15.651111111111113,0.989010989010989,455,433.3,46339.15,511,410,921
910,EAGLE COUNTY RE 50,0.5516,14,0.4144,6464,0.816,0.843,0.7859999999999999,15.651111111111113,0.989010989010989,455,433.3,46339.15,511,410,921
920,ELIZABETH C-1,0.14029999999999998,14,0.1791,2429,0.9179999999999999,0.932,0.9059999999999999,44.6125,1.0,160,150.2,37312.62,86,60,146
920,ELIZABETH C-1,0.14029999999999998,14,0.1791,2429,0.9179999999999999,0.932,0.9059999999999999,44.6125,1.0,160,150.2,37312.62,86,60,146
930,KIOWA C-2,0.1533,14,0.332,259,0.889,0.9329999999999999,0.857,10.353333333333333,1.0,28,27.2,33894.25,7,8,15
930,KIOWA C-2,0.1533,14,0.332,259,0.889,0.9329999999999999,0.857,10.353333333333333,1.0,28,27.2,33894.25,7,8,15
940,BIG SANDY 100J,0.139,14,0.4515,268,0.905,0.929,0.857,11.013333333333334,1.0,29,26.5,36255.2,0,0,0
940,BIG SANDY 100J,0.139,14,0.4515,268,0.905,0.929,0.857,11.013333333333334,1.0,29,26.5,36255.2,0,0,0
950,ELBERT 200,0.07690000000000001,14,0.3019,212,1.0,1.0,1.0,11.425,1.0,20,19.3,34241.26,0,0,0
950,ELBERT 200,0.07690000000000001,14,0.3019,212,1.0,1.0,1.0,11.425,1.0,20,19.3,34241.26,0,0,0
960,AGATE 300,0.2,14,0.5,10,0.0,0.0,0.0,4.49,1.0,5,2.2,35690.28,0,0,0
960,AGATE 300,0.2,14,0.5,10,0.0,0.0,0.0,4.49,1.0,5,2.2,35690.28,0,0,0
970,CALHAN RJ-1,0.1058,14,0.4475,438,0.833,0.857,0.81,14.933333333333332,1.0,33,31.4,36077.07,11,5,16
970,CALHAN RJ-1,0.1058,14,0.4475,438,0.833,0.857,0.81,14.933333333333332,1.0,33,31.4,36077.07,11,5,16
980,HARRISON 2,0.7328,14,0.7195999999999999,11441,0.7759999999999999,0.812,0.74,16.635,0.9710982658959537,692,679.4,41654.45,0,0,0
980,HARRISON 2,0.7328,14,0.7195999999999999,11441,0.7759999999999999,0.812,0.74,16.635,0.9710982658959537,692,679.4,41654.45,0,0,0
990,WIDEFIELD 3,0.4868,14,0.4497,8839,0.8109999999999999,0.865,0.76,17.247500000000002,0.9736842105263158,532,522.4,43995.76,561,403,964
990,WIDEFIELD 3,0.4868,14,0.4497,8839,0.8109999999999999,0.865,0.76,17.247500000000002,0.9736842105263158,532,522.4,43995.76,561,403,964
1000,FOUNTAIN 8,0.5188,14,0.4572,7758,0.823,0.855,0.795,15.574999999999998,1.0,519,505.4,46941.89,277,227,504
1000,FOUNTAIN 8,0.5188,14,0.4572,7758,0.823,0.855,0.795,15.574999999999998,1.0,519,505.4,46941.89,277,227,504
1010,COLORADO SPRINGS 11,0.4826,14,0.595,27676,0.682,0.743,0.62,16.004736842105263,0.9869243888573053,1759,1727.8,45315.15,344,302,646
1010,COLORADO SPRINGS 11,0.4826,14,0.595,27676,0.682,0.743,0.62,16.004736842105263,0.9869243888573053,1759,1727.8,45315.15,344,302,646
1020,CHEYENNE MOUNTAIN 12,0.2706,14,0.14550000000000002,5009,0.9590000000000001,0.968,0.9490000000000001,15.712727272727276,0.9914772727272727,352,349.7,43094.1,358,328,686
1020,CHEYENNE MOUNTAIN 12,0.2706,14,0.14550000000000002,5009,0.9590000000000001,0.968,0.9490000000000001,15.712727272727276,0.9914772727272727,352,349.7,43094.1,358,328,686
1030,MANITOU SPRINGS 14,0.1495,14,0.2681,1421,0.895,0.9570000000000001,0.825,14.202499999999999,1.0,102,98.8,41745.7,0,0,0
1030,MANITOU SPRINGS 14,0.1495,14,0.2681,1421,0.895,0.9570000000000001,0.825,14.202499999999999,1.0,102,98.8,41745.7,0,0,0
1040,ACADEMY 20,0.25920000000000004,14,0.1275,24245,0.898,0.917,0.88,16.018571428571423,0.9873657612128869,1583,1500.6,46251.35,1924,1724,3648
1040,ACADEMY 20,0.25920000000000004,14,0.1275,24245,0.898,0.917,0.88,16.018571428571423,0.9873657612128869,1583,1500.6,46251.35,1924,1724,3648
1050,ELLICOTT 22,0.35729999999999995,14,0.6875,992,0.804,0.8640000000000001,0.75,14.646666666666667,0.9852941176470589,68,72.9,34728.68,0,0,0
1050,ELLICOTT 22,0.35729999999999995,14,0.6875,992,0.804,0.8640000000000001,0.75,14.646666666666667,0.9852941176470589,68,72.9,34728.68,0,0,0
1060,PEYTON 23 JT,0.19940000000000002,14,0.3078,601,0.9620000000000001,0.9620000000000001,0.963,12.236666666666665,1.0,43,46.5,34760.67,0,0,0
1060,PEYTON 23 JT,0.19940000000000002,14,0.3078,601,0.9620000000000001,0.9620000000000001,0.963,12.236666666666665,1.0,43,46.5,34760.67,0,0,0
1070,HANOVER 28,0.3385,14,0.7595000000000001,237,0.857,0.9,0.75,13.9,1.0,16,17.0,36929.41,0,0,0
1070,HANOVER 28,0.3385,14,0.7595000000000001,237,0.857,0.9,0.75,13.9,1.0,16,17.0,36929.41,0,0,0
1080,LEWIS-PALMER 38,0.1856,14,0.0875,5979,0.96,0.961,0.958,17.09444444444445,0.9649595687331536,371,348.5,44255.38,670,645,1315
1080,LEWIS-PALMER 38,0.1856,14,0.0875,5979,0.96,0.961,0.958,17.09444444444445,0.9649595687331536,371,348.5,44255.38,670,645,1315
1110,FALCON 49,0.3943,14,0.32520000000000004,19274,0.645,0.66,0.628,21.031818181818185,0.9879518072289156,913,919.8,40682.68,357,311,668
1110,FALCON 49,0.3943,14,0.32520000000000004,19274,0.645,0.66,0.628,21.031818181818185,0.9879518072289156,913,919.8,40682.68,357,311,668
1120,EDISON 54 JT,0.1014,14,0.4545,209,0.5379999999999999,0.667,0.429,28.99,1.0,12,12.0,34867.55,0,0,0
1120,EDISON 54 JT,0.1014,14,0.4545,209,0.5379999999999999,0.667,0.429,28.99,1.0,12,12.0,34867.55,0,0,0
1130,MIAMI/YODER 60 JT,0.2158,14,0.64,250,0.75,0.857,0.667,11.835,1.0,22,25.1,29080.8,0,0,0
1130,MIAMI/YODER 60 JT,0.2158,14,0.64,250,0.75,0.857,0.667,11.835,1.0,22,25.1,29080.8,0,0,0
1140,CANON CITY RE-1,0.1726,14,0.5626,3603,0.7759999999999999,0.812,0.741,21.32777777777778,1.0,234,228.2,45334.74,0,0,0
1140,CANON CITY RE-1,0.1726,14,0.5626,3603,0.7759999999999999,0.812,0.741,21.32777777777778,1.0,234,228.2,45334.74,0,0,0
1150,FREMONT RE-2,0.2054,14,0.5302,1373,0.8140000000000001,0.828,0.805,14.040000000000001,1.0,100,97.1,40639.09,0,0,0
1150,FREMONT RE-2,0.2054,14,0.5302,1373,0.8140000000000001,0.828,0.805,14.040000000000001,1.0,100,97.1,40639.09,0,0,0
1160,COTOPAXI RE-3,0.086,14,0.5911,203,0.769,1.0,0.7,11.79,1.0,19,18.9,32230.83,0,0,0
1160,COTOPAXI RE-3,0.086,14,0.5911,203,0.769,1.0,0.7,11.79,1.0,19,18.9,32230.83,0,0,0
1180,ROARING FORK RE-1,0.5692,14,0.4291,5423,0.831,0.8959999999999999,0.768,14.846666666666666,1.0,372,354.0,47515.84,72,44,116
1180,ROARING FORK RE-1,0.5692,14,0.4291,5423,0.831,0.8959999999999999,0.768,14.846666666666666,1.0,372,354.0,47515.84,72,44,116
1195,GARFIELD RE-2,0.4656,14,0.5377000000000001,4668,0.805,0.878,0.741,16.554000000000002,0.993127147766323,291,287.0,40255.85,128,114,242
1195,GARFIELD RE-2,0.4656,14,0.5377000000000001,4668,0.805,0.878,0.741,16.554000000000002,0.993127147766323,291,287.0,40255.85,128,114,242
1220,GARFIELD 16,0.4181,14,0.48840000000000006,952,0.75,0.857,0.643,17.137500000000003,1.0,60,58.6,38448.24,173,180,353
1220,GARFIELD 16,0.4181,14,0.48840000000000006,952,0.75,0.857,0.643,17.137500000000003,1.0,60,58.6,38448.24,173,180,353
1330,GILPIN COUNTY RE-1,0.2214,14,0.2688,398,0.9470000000000001,0.9,1.0,12.065000000000001,0.972972972972973,37,35.9,43409.86,17,13,30
1330,GILPIN COUNTY RE-1,0.2214,14,0.2688,398,0.9470000000000001,0.9,1.0,12.065000000000001,0.972972972972973,37,35.9,43409.86,17,13,30
1350,EAST GRAND 2,0.16469999999999999,14,0.2985,1236,0.855,0.941,0.7859999999999999,12.892,0.9797979797979798,99,94.1,45016.05,101,74,175
1350,EAST GRAND 2,0.16469999999999999,14,0.2985,1236,0.855,0.941,0.7859999999999999,12.892,0.9797979797979798,99,94.1,45016.05,101,74,175
1360,GUNNISON WATERSHED RE1J,0.1975,14,0.2526,1849,0.871,0.93,0.809,19.684285714285718,1.0,132,129.2,45228.29,25,28,53
1360,GUNNISON WATERSHED RE1J,0.1975,14,0.2526,1849,0.871,0.93,0.809,19.684285714285718,1.0,132,129.2,45228.29,25,28,53
1380,HINSDALE COUNTY RE 1,0.125,14,0.3333,87,1.0,1.0,1.0,7.6,1.0,10,11.3,28812.39,0,0,0
1380,HINSDALE COUNTY RE 1,0.125,14,0.3333,87,1.0,1.0,1.0,7.6,1.0,10,11.3,28812.39,0,0,0
1390,HUERFANO RE-1,0.6965,14,0.8254,504,0.741,0.75,0.733,12.026666666666666,1.0,44,44.1,33680.91,0,0,0
1390,HUERFANO RE-1,0.6965,14,0.8254,504,0.741,0.75,0.733,12.026666666666666,1.0,44,44.1,33680.91,0,0,0
1400,LA VETA RE-2,0.2791,14,0.5867,196,0.909,0.857,1.0,11.25,1.0,20,19.3,38493.45,0,0,0
1400,LA VETA RE-2,0.2791,14,0.5867,196,0.909,0.857,1.0,11.25,1.0,20,19.3,38493.45,0,0,0
1420,JEFFERSON COUNTY R-1,0.3285,14,0.3177,83613,0.8290000000000001,0.863,0.7979999999999999,23.34435582822086,0.9867494824016563,4830,4724.3,54100.42,6010,4852,10862
1420,JEFFERSON COUNTY R-1,0.3285,14,0.3177,83613,0.8290000000000001,0.863,0.7979999999999999,23.34435582822086,0.9867494824016563,4830,4724.3,54100.42,6010,4852,10862
1430,EADS RE-1,0.13140000000000002,14,0.3987,153,1.0,1.0,1.0,8.966666666666667,1.0,22,20.4,32812.07,0,0,0
1430,EADS RE-1,0.13140000000000002,14,0.3987,153,1.0,1.0,1.0,8.966666666666667,1.0,22,20.4,32812.07,0,0,0
1440,PLAINVIEW RE-2,0.0455,14,0.5161,62,0.6,0.6,0.0,6.225,1.0,10,10.6,32323.53,0,0,0
1440,PLAINVIEW RE-2,0.0455,14,0.5161,62,0.6,0.6,0.0,6.225,1.0,10,10.6,32323.53,0,0,0
1450,ARRIBA-FLAGLER C-20,0.13849999999999998,14,0.515,167,1.0,1.0,1.0,11.35,1.0,18,17.2,37255.88,0,0,0
1450,ARRIBA-FLAGLER C-20,0.13849999999999998,14,0.515,167,1.0,1.0,1.0,11.35,1.0,18,17.2,37255.88,0,0,0
1460,HI-PLAINS R-23,0.2703,14,0.6531,98,1.0,1.0,1.0,6.51,1.0,16,17.0,29716.54,0,0,0
1460,HI-PLAINS R-23,0.2703,14,0.6531,98,1.0,1.0,1.0,6.51,1.0,16,17.0,29716.54,0,0,0
1480,STRATTON R-4,0.217,14,0.6034,174,1.0,1.0,1.0,10.913333333333334,1.0,18,17.7,31448.62,0,0,0
1480,STRATTON R-4,0.217,14,0.6034,174,1.0,1.0,1.0,10.913333333333334,1.0,18,17.7,31448.62,0,0,0
1490,BETHUNE R-5,0.4103,14,0.7037,108,0.895,0.8,1.0,9.25,1.0,16,12.6,35922.54,0,0,0
1490,BETHUNE R-5,0.4103,14,0.7037,108,0.895,0.8,1.0,9.25,1.0,16,12.6,35922.54,0,0,0
1500,BURLINGTON RE-6J,0.45280000000000004,14,0.5934,701,0.825,0.92,0.75,14.676666666666668,0.9811320754716981,53,52.5,32905.19,0,0,0
1500,BURLINGTON RE-6J,0.45280000000000004,14,0.5934,701,0.825,0.92,0.75,14.676666666666668,0.9811320754716981,53,52.5,32905.19,0,0,0
1510,LAKE COUNTY R-1,0.7081000000000001,14,0.7505,982,0.767,0.8,0.737,25.5,1.0,57,56.5,36082.52,16,7,23
1510,LAKE COUNTY R-1,0.7081000000000001,14,0.7505,982,0.767,0.8,0.737,25.5,1.0,57,56.5,36082.52,16,7,23
1520,DURANGO 9-R,0.2816,14,0.2916,4410,0.818,0.81,0.828,29.239166666666662,1.0,303,283.2,49246.33,189,191,380
1520,DURANGO 9-R,0.2816,14,0.2916,4410,0.818,0.81,0.828,29.239166666666662,1.0,303,283.2,49246.33,189,191,380
1530,BAYFIELD 10 JT-R,0.20379999999999998,14,0.2943,1298,0.902,0.9109999999999999,0.892,14.94,1.0,91,88.8,45236.13,29,36,65
1530,BAYFIELD 10 JT-R,0.20379999999999998,14,0.2943,1298,0.902,0.9109999999999999,0.892,14.94,1.0,91,88.8,45236.13,29,36,65
1540,IGNACIO 11 JT,0.6409999999999999,14,0.4475,791,0.8,0.8,0.8,11.903333333333334,1.0,66,66.2,40006.66,0,0,0
1540,IGNACIO 11 JT,0.6409999999999999,14,0.4475,791,0.8,0.8,0.8,11.903333333333334,1.0,66,66.2,40006.66,0,0,0
1550,POUDRE R-1,0.262,14,0.3161,28224,0.8170000000000001,0.851,0.7859999999999999,17.077222222222222,0.9966386554621849,1785,1675.3,51077.21,2043,1955,3998
1550,POUDRE R-1,0.262,14,0.3161,28224,0.8170000000000001,0.851,0.7859999999999999,17.077222222222222,0.9966386554621849,1785,1675.3,51077.21,2043,1955,3998
1560,THOMPSON R2-J,0.24789999999999998,14,0.3593,15588,0.745,0.79,0.7040000000000001,17.97878787878788,1.0,916,860.3,46886.32,723,561,1284
1560,THOMPSON R2-J,0.24789999999999998,14,0.3593,15588,0.745,0.79,0.7040000000000001,17.97878787878788,1.0,916,860.3,46886.32,723,561,1284
1570,ESTES PARK R-3,0.27949999999999997,14,0.3655,1097,0.8859999999999999,0.902,0.87,17.4325,0.9888888888888889,90,81.8,44830.44,53,47,100
1570,ESTES PARK R-3,0.27949999999999997,14,0.3655,1097,0.8859999999999999,0.902,0.87,17.4325,0.9888888888888889,90,81.8,44830.44,53,47,100
1580,TRINIDAD 1,0.7776000000000001,14,0.7023999999999999,1025,0.785,0.7909999999999999,0.778,16.5325,0.9166666666666666,60,62.6,43778.2,0,0,0
1580,TRINIDAD 1,0.7776000000000001,14,0.7023999999999999,1025,0.785,0.7909999999999999,0.778,16.5325,0.9166666666666666,60,62.6,43778.2,0,0,0
1590,PRIMERO REORGANIZED 2,0.060899999999999996,14,0.4946,186,0.9229999999999999,1.0,0.8,10.135,1.0,19,19.4,36660.28,0,0,0
1590,PRIMERO REORGANIZED 2,0.060899999999999996,14,0.4946,186,0.9229999999999999,1.0,0.8,10.135,1.0,19,19.4,36660.28,0,0,0
1600,HOEHNE REORGANIZED 3,0.5179,14,0.3333,363,0.861,0.882,0.8420000000000001,16.06,1.0,23,22.6,36635.11,0,0,0
1600,HOEHNE REORGANIZED 3,0.5179,14,0.3333,363,0.861,0.882,0.8420000000000001,16.06,1.0,23,22.6,36635.11,0,0,0
1620,AGUILAR REORGANIZED 6,0.6,14,0.8276,116,0.5,0.5,0.5,7.225,1.0,13,18.0,20808.56,0,0,0
1620,AGUILAR REORGANIZED 6,0.6,14,0.8276,116,0.5,0.5,0.5,7.225,1.0,13,18.0,20808.56,0,0,0
1750,BRANSON REORGANIZED 82,0.35109999999999997,14,0.1889,450,0.625,0.733,0.444,14.665,1.0,26,25.2,39990.09,0,0,0
1750,BRANSON REORGANIZED 82,0.35109999999999997,14,0.1889,450,0.625,0.733,0.444,14.665,1.0,26,25.2,39990.09,0,0,0
1760,KIM REORGANIZED 88,0.1875,14,0.619,42,0.5,0.5,0.0,4.855,1.0,10,11.1,22440.78,0,0,0
1760,KIM REORGANIZED 88,0.1875,14,0.619,42,0.5,0.5,0.0,4.855,1.0,10,11.1,22440.78,0,0,0
1780,GENOA-HUGO C113,0.076,14,0.5584,154,0.636,1.0,0.429,8.99,1.0,19,18.3,34020.31,0,0,0
1780,GENOA-HUGO C113,0.076,14,0.5584,154,0.636,1.0,0.429,8.99,1.0,19,18.3,34020.31,0,0,0
1790,LIMON RE-4J,0.19329999999999997,14,0.3761,476,0.912,0.895,0.9329999999999999,14.915,1.0,33,31.9,33705.22,0,0,0
1790,LIMON RE-4J,0.19329999999999997,14,0.3761,476,0.912,0.895,0.9329999999999999,14.915,1.0,33,31.9,33705.22,0,0,0
1810,KARVAL RE-23,0.0444,14,0.7692,39,0.5,0.5710000000000001,0.455,7.12,0.875,8,6.5,35895.32,1,0,1
1810,KARVAL RE-23,0.0444,14,0.7692,39,0.5,0.5710000000000001,0.455,7.12,0.875,8,6.5,35895.32,1,0,1
1828,VALLEY RE-1,0.29309999999999997,14,0.47659999999999997,2098,0.833,0.784,0.882,42.54428571428571,0.9932885906040269,149,144.8,39367.71,21,2,23
1828,VALLEY RE-1,0.29309999999999997,14,0.47659999999999997,2098,0.833,0.784,0.882,42.54428571428571,0.9932885906040269,149,144.8,39367.71,21,2,23
1850,FRENCHMAN RE-3,0.1263,14,0.35869999999999996,184,1.0,1.0,1.0,10.645,1.0,19,18.6,36484.43,0,0,0
1850,FRENCHMAN RE-3,0.1263,14,0.35869999999999996,184,1.0,1.0,1.0,10.645,1.0,19,18.6,36484.43,0,0,0
1860,BUFFALO RE-4J,0.12380000000000001,14,0.254,315,0.9620000000000001,0.9,1.0,13.985,1.0,23,22.7,40473.66,0,0,0
1860,BUFFALO RE-4J,0.12380000000000001,14,0.254,315,0.9620000000000001,0.9,1.0,13.985,1.0,23,22.7,40473.66,0,0,0
1870,PLATEAU RE-5,0.0565,14,0.34340000000000004,166,1.0,1.0,1.0,9.64,1.0,18,18.5,36065.06,0,0,0
1870,PLATEAU RE-5,0.0565,14,0.34340000000000004,166,1.0,1.0,1.0,9.64,1.0,18,18.5,36065.06,0,0,0
1980,DE BEQUE 49JT,0.1457,14,0.4275,138,0.6,0.0,0.6,9.64,1.0,16,15.4,38019.84,0,0,0
1980,DE BEQUE 49JT,0.1457,14,0.4275,138,0.6,0.0,0.6,9.64,1.0,16,15.4,38019.84,0,0,0
1990,PLATEAU VALLEY 50,0.22219999999999998,14,0.2705,440,0.287,0.462,0.16399999999999998,15.1575,1.0,32,32.3,40826.84,0,0,0
1990,PLATEAU VALLEY 50,0.22219999999999998,14,0.2705,440,0.287,0.462,0.16399999999999998,15.1575,1.0,32,32.3,40826.84,0,0,0
2000,MESA COUNTY VALLEY 51,0.28600000000000003,14,0.426,21054,0.772,0.8140000000000001,0.7290000000000001,17.83021739130435,0.9969765684051398,1323,1289.0,44698.03,1398,1314,2712
2000,MESA COUNTY VALLEY 51,0.28600000000000003,14,0.426,21054,0.772,0.8140000000000001,0.7290000000000001,17.83021739130435,0.9969765684051398,1323,1289.0,44698.03,1398,1314,2712
2010,CREEDE SCHOOL DISTRICT,0.1558,14,0.5974,77,1.0,1.0,1.0,6.22,1.0,12,12.4,33788.58,0,0,0
2010,CREEDE SCHOOL DISTRICT,0.1558,14,0.5974,77,1.0,1.0,1.0,6.22,1.0,12,12.4,33788.58,0,0,0
2020,MOFFAT COUNTY RE:NO 1,0.27399999999999997,14,0.42840000000000006,2005,0.846,0.852,0.8390000000000001,19.85285714285714,1.0,134,133.7,45943.13,0,0,0
2020,MOFFAT COUNTY RE:NO 1,0.27399999999999997,14,0.42840000000000006,2005,0.846,0.852,0.8390000000000001,19.85285714285714,1.0,134,133.7,45943.13,0,0,0
2035,MONTEZUMA-CORTEZ RE-1,0.5109,14,0.6068,2678,0.5489999999999999,0.526,0.5710000000000001,38.37181818181818,1.0,171,168.6,41976.79,33,18,51
2035,MONTEZUMA-CORTEZ RE-1,0.5109,14,0.6068,2678,0.5489999999999999,0.526,0.5710000000000001,38.37181818181818,1.0,171,168.6,41976.79,33,18,51
2055,DOLORES RE-4A,0.1809,14,0.4542,731,0.8640000000000001,0.95,0.792,13.916666666666666,1.0,53,52.4,36431.58,0,0,0
2055,DOLORES RE-4A,0.1809,14,0.4542,731,0.8640000000000001,0.95,0.792,13.916666666666666,1.0,53,52.4,36431.58,0,0,0
2070,MANCOS RE-6,0.3143,14,0.5788,425,0.852,0.846,0.857,13.030000000000001,1.0,35,35.0,34118.96,0,0,0
2070,MANCOS RE-6,0.3143,14,0.5788,425,0.852,0.846,0.857,13.030000000000001,1.0,35,35.0,34118.96,0,0,0
2180,MONTROSE COUNTY RE-1J,0.4355,14,0.5077,5812,0.757,0.856,0.664,16.735333333333333,1.0,372,367.8,44100.46,68,33,101
2180,MONTROSE COUNTY RE-1J,0.4355,14,0.5077,5812,0.757,0.856,0.664,16.735333333333333,1.0,372,367.8,44100.46,68,33,101
2190,WEST END RE-2,0.13140000000000002,14,0.569,239,0.727,0.667,0.8,11.343333333333334,1.0,25,24.6,34305.88,0,0,0
2190,WEST END RE-2,0.13140000000000002,14,0.569,239,0.727,0.667,0.8,11.343333333333334,1.0,25,24.6,34305.88,0,0,0
2395,BRUSH RE-2(J),0.5336,14,0.5755,1437,0.85,0.8420000000000001,0.86,16.705000000000002,1.0,92,88.6,37151.16,31,11,42
2395,BRUSH RE-2(J),0.5336,14,0.5755,1437,0.85,0.8420000000000001,0.86,16.705000000000002,1.0,92,88.6,37151.16,31,11,42
2405,FORT MORGAN RE-3,0.6716,14,0.6811,2970,0.7070000000000001,0.6970000000000001,0.7170000000000001,15.0425,1.0,201,205.2,38234.21,0,0,0
2405,FORT MORGAN RE-3,0.6716,14,0.6811,2970,0.7070000000000001,0.6970000000000001,0.7170000000000001,15.0425,1.0,201,205.2,38234.21,0,0,0
2505,WELDON VALLEY RE-20(J),0.1721,14,0.3134,217,0.917,1.0,0.875,14.61,0.9411764705882353,17,16.2,34761.61,0,0,0
2505,WELDON VALLEY RE-20(J),0.1721,14,0.3134,217,0.917,1.0,0.875,14.61,0.9411764705882353,17,16.2,34761.61,0,0,0
2515,WIGGINS RE-50(J),0.31129999999999997,14,0.4874,517,0.971,0.929,1.0,17.37,1.0,32,32.2,37459.82,0,0,0
2515,WIGGINS RE-50(J),0.31129999999999997,14,0.4874,517,0.971,0.929,1.0,17.37,1.0,32,32.2,37459.82,0,0,0
2520,EAST OTERO R-1,0.6883,14,0.7433,1309,0.76,0.7709999999999999,0.75,16.766666666666666,0.9876543209876543,81,76.1,37847.39,18,12,30
2520,EAST OTERO R-1,0.6883,14,0.7433,1309,0.76,0.7709999999999999,0.75,16.766666666666666,0.9876543209876543,81,76.1,37847.39,18,12,30
2530,ROCKY FORD R-2,0.7553,14,0.7985,779,0.784,0.821,0.7390000000000001,13.486666666666666,0.9508196721311475,61,59.3,35714.24,0,0,0
2530,ROCKY FORD R-2,0.7553,14,0.7985,779,0.784,0.821,0.7390000000000001,13.486666666666666,0.9508196721311475,61,59.3,35714.24,0,0,0
2535,MANZANOLA 3J,0.6531,14,0.7234,141,0.9440000000000001,1.0,0.909,8.47,1.0,19,17.5,33333.31,0,0,0
2535,MANZANOLA 3J,0.6531,14,0.7234,141,0.9440000000000001,1.0,0.909,8.47,1.0,19,17.5,33333.31,0,0,0
2540,FOWLER R-4J,0.2562,14,0.5398,402,0.909,0.9329999999999999,0.889,11.949999999999998,0.9714285714285714,35,34.3,35446.29,0,0,0
2540,FOWLER R-4J,0.2562,14,0.5398,402,0.909,0.9329999999999999,0.889,11.949999999999998,0.9714285714285714,35,34.3,35446.29,0,0,0
2560,CHERAW 31,0.2664,14,0.6179,212,0.889,1.0,0.833,13.01,1.0,17,17.2,34566.51,0,0,0
2560,CHERAW 31,0.2664,14,0.6179,212,0.889,1.0,0.833,13.01,1.0,17,17.2,34566.51,0,0,0
2570,SWINK 33,0.2792,14,0.433,351,0.9620000000000001,0.889,1.0,12.02,1.0,31,29.2,38820.88,0,0,0
2570,SWINK 33,0.2792,14,0.433,351,0.9620000000000001,0.889,1.0,12.02,1.0,31,29.2,38820.88,0,0,0
2580,OURAY R-1,0.1518,14,0.37079999999999996,178,0.938,1.0,0.889,6.57,1.0,27,29.1,35727.2,5,6,11
2580,OURAY R-1,0.1518,14,0.37079999999999996,178,0.938,1.0,0.889,6.57,1.0,27,29.1,35727.2,5,6,11
2590,RIDGWAY R-2,0.1573,14,0.3175,337,0.8,0.909,0.7140000000000001,11.506666666666666,1.0,32,31.2,37991.63,0,0,0
2590,RIDGWAY R-2,0.1573,14,0.3175,337,0.8,0.909,0.7140000000000001,11.506666666666666,1.0,32,31.2,37991.63,0,0,0
2600,PLATTE CANYON 1,0.1681,14,0.30260000000000004,945,0.863,0.9329999999999999,0.8140000000000001,15.59666666666667,1.0,68,64.9,44097.7,30,36,66
2600,PLATTE CANYON 1,0.1681,14,0.30260000000000004,945,0.863,0.9329999999999999,0.8140000000000001,15.59666666666667,1.0,68,64.9,44097.7,30,36,66
2610,PARK COUNTY RE-2,0.1797,14,0.5229,568,0.889,1.0,0.8420000000000001,14.339999999999998,1.0,45,45.6,35723.33,0,0,0
2610,PARK COUNTY RE-2,0.1797,14,0.5229,568,0.889,1.0,0.8420000000000001,14.339999999999998,1.0,45,45.6,35723.33,0,0,0
2620,HOLYOKE RE-1J,0.4722,14,0.4739,593,0.8290000000000001,0.905,0.75,14.86,0.9777777777777777,45,44.9,34700.21,5,10,15
2620,HOLYOKE RE-1J,0.4722,14,0.4739,593,0.8290000000000001,0.905,0.75,14.86,0.9777777777777777,45,44.9,34700.21,5,10,15
2630,HAXTUN RE-2J,0.10300000000000001,14,0.32549999999999996,298,0.9229999999999999,0.929,0.917,12.495000000000001,1.0,26,25.8,35175.79,0,0,0
2630,HAXTUN RE-2J,0.10300000000000001,14,0.32549999999999996,298,0.9229999999999999,0.929,0.917,12.495000000000001,1.0,26,25.8,35175.79,0,0,0
2640,ASPEN 1,0.1424,14,0.052300000000000006,1703,0.993,1.0,0.987,22.34,1.0,144,136.6,53700.96,0,0,0
2640,ASPEN 1,0.1424,14,0.052300000000000006,1703,0.993,1.0,0.987,22.34,1.0,144,136.6,53700.96,0,0,0
2650,GRANADA RE-1,0.7228,14,0.6117,188,0.846,0.75,1.0,10.045,1.0,21,20.2,34314.96,0,0,0
2650,GRANADA RE-1,0.7228,14,0.6117,188,0.846,0.75,1.0,10.045,1.0,21,20.2,34314.96,0,0,0
2660,LAMAR RE-2,0.5965,14,0.6653,1488,0.722,0.7040000000000001,0.7440000000000001,18.119999999999997,0.9811320754716981,106,102.8,39601.96,1,0,1
2660,LAMAR RE-2,0.5965,14,0.6653,1488,0.722,0.7040000000000001,0.7440000000000001,18.119999999999997,0.9811320754716981,106,102.8,39601.96,1,0,1
2670,HOLLY RE-3,0.5861,14,0.7409,274,0.895,1.0,0.857,12.15,1.0,24,24.3,33275.02,0,0,0
2670,HOLLY RE-3,0.5861,14,0.7409,274,0.895,1.0,0.857,12.15,1.0,24,24.3,33275.02,0,0,0
2680,WILEY RE-13 JT,0.264,14,0.5439,228,0.615,0.6,0.625,8.835,1.0,23,28.8,25171.35,33,18,51
2680,WILEY RE-13 JT,0.264,14,0.5439,228,0.615,0.6,0.625,8.835,1.0,23,28.8,25171.35,33,18,51
2690,PUEBLO CITY 60,0.7434000000000001,14,0.7186,16969,0.7190000000000001,0.768,0.6709999999999999,17.97272727272727,0.9940417080436942,1007,1023.7,45682.4,0,0,0
2690,PUEBLO CITY 60,0.7434000000000001,14,0.7186,16969,0.7190000000000001,0.768,0.6709999999999999,17.97272727272727,0.9940417080436942,1007,1023.7,45682.4,0,0,0
2700,PUEBLO COUNTY 70,0.3994,14,0.4621,9035,0.833,0.9009999999999999,0.773,18.659166666666668,1.0,501,498.2,44264.01,202,134,336
2700,PUEBLO COUNTY 70,0.3994,14,0.4621,9035,0.833,0.9009999999999999,0.773,18.659166666666668,1.0,501,498.2,44264.01,202,134,336
2710,MEEKER RE1,0.18510000000000001,14,0.3558,638,0.948,0.9690000000000001,0.9229999999999999,15.829999999999998,1.0,41,38.9,42850.95,0,0,0
2710,MEEKER RE1,0.18510000000000001,14,0.3558,638,0.948,0.9690000000000001,0.9229999999999999,15.829999999999998,1.0,41,38.9,42850.95,0,0,0
2720,RANGELY RE-4,0.1033,14,0.3757,503,0.9259999999999999,0.9229999999999999,0.929,14.495,1.0,34,32.7,38431.67,0,0,0
2720,RANGELY RE-4,0.1033,14,0.3757,503,0.9259999999999999,0.9229999999999999,0.929,14.495,1.0,34,32.7,38431.67,0,0,0
2730,DEL NORTE C-7,0.5971,14,0.6211,417,0.833,0.857,0.8,10.656666666666666,1.0,36,39.2,31078.17,0,0,0
2730,DEL NORTE C-7,0.5971,14,0.6211,417,0.833,0.857,0.8,10.656666666666666,1.0,36,39.2,31078.17,0,0,0
2740,MONTE VISTA C-8,0.723,14,0.7159,1070,0.762,0.7609999999999999,0.763,17.083333333333332,1.0,73,74.0,37644.05,50,29,79
2740,MONTE VISTA C-8,0.723,14,0.7159,1070,0.762,0.7609999999999999,0.763,17.083333333333332,1.0,73,74.0,37644.05,50,29,79
2750,SARGENT RE-33J,0.2995,14,0.3774,424,1.0,1.0,1.0,13.06,1.0,34,32.5,35095.2,2,0,2
2750,SARGENT RE-33J,0.2995,14,0.3774,424,1.0,1.0,1.0,13.06,1.0,34,32.5,35095.2,2,0,2
2760,HAYDEN RE-1,0.1208,14,0.413,385,0.9640000000000001,1.0,0.938,10.623333333333333,1.0,38,38.0,47108.95,18,12,30
2760,HAYDEN RE-1,0.1208,14,0.413,385,0.9640000000000001,1.0,0.938,10.623333333333333,1.0,38,38.0,47108.95,18,12,30
2770,STEAMBOAT SPRINGS RE-2,0.15560000000000002,14,0.1673,2468,0.9109999999999999,0.958,0.855,13.783333333333333,1.0,167,165.3,48389.92,141,163,304
2770,STEAMBOAT SPRINGS RE-2,0.15560000000000002,14,0.1673,2468,0.9109999999999999,0.958,0.855,13.783333333333333,1.0,167,165.3,48389.92,141,163,304
2780,SOUTH ROUTT RE 3,0.09970000000000001,14,0.38689999999999997,367,0.818,0.625,0.929,13.58,1.0,35,34.2,38600.02,1,1,2
2780,SOUTH ROUTT RE 3,0.09970000000000001,14,0.38689999999999997,367,0.818,0.625,0.929,13.58,1.0,35,34.2,38600.02,1,1,2
2790,MOUNTAIN VALLEY RE 1,0.3116,14,0.6905,126,0.778,0.75,0.8,8.823333333333334,1.0,16,16.0,29914.4,0,0,0
2790,MOUNTAIN VALLEY RE 1,0.3116,14,0.6905,126,0.778,0.75,0.8,8.823333333333334,1.0,16,16.0,29914.4,0,0,0
2800,MOFFAT 2,0.2041,14,0.8167,180,0.909,0.833,1.0,8.540000000000001,1.0,21,23.7,28711.62,0,0,0
2800,MOFFAT 2,0.2041,14,0.8167,180,0.909,0.833,1.0,8.540000000000001,1.0,21,23.7,28711.62,0,0,0
2810,CENTER 26 JT,0.9183,14,0.9262,610,0.7440000000000001,0.667,0.7859999999999999,19.455999999999996,1.0,46,44.8,36593.22,0,0,0
2810,CENTER 26 JT,0.9183,14,0.9262,610,0.7440000000000001,0.667,0.7859999999999999,19.455999999999996,1.0,46,44.8,36593.22,0,0,0
2820,SILVERTON 1,0.3387,14,0.5645,62,0.8,0.0,0.8,4.8133333333333335,1.0,11,12.5,27912.69,0,0,0
2820,SILVERTON 1,0.3387,14,0.5645,62,0.8,0.0,0.8,4.8133333333333335,1.0,11,12.5,27912.69,0,0,0
2830,TELLURIDE R-1,0.20379999999999998,14,0.2394,873,0.938,0.9390000000000001,0.935,13.003333333333332,1.0,77,70.2,51178.1,123,96,219
2830,TELLURIDE R-1,0.20379999999999998,14,0.2394,873,0.938,0.9390000000000001,0.935,13.003333333333332,1.0,77,70.2,51178.1,123,96,219
2840,NORWOOD R-2J,0.12890000000000001,14,0.47009999999999996,268,0.929,0.8,1.0,13.2,1.0,27,21.6,41374.22,0,0,0
2840,NORWOOD R-2J,0.12890000000000001,14,0.47009999999999996,268,0.929,0.8,1.0,13.2,1.0,27,21.6,41374.22,0,0,0
2862,JULESBURG RE-1,0.2607,14,0.42560000000000003,766,0.21,0.21600000000000003,0.203,18.866666666666667,1.0,42,37.5,42977.04,0,0,0
2862,JULESBURG RE-1,0.2607,14,0.42560000000000003,766,0.21,0.21600000000000003,0.203,18.866666666666667,1.0,42,37.5,42977.04,0,0,0
3000,SUMMIT RE-1,0.3862,14,0.33630000000000004,3194,0.8959999999999999,0.94,0.862,12.802999999999997,1.0,224,205.2,53924.65,58,37,95
3000,SUMMIT RE-1,0.3862,14,0.33630000000000004,3194,0.8959999999999999,0.94,0.862,12.802999999999997,1.0,224,205.2,53924.65,58,37,95
3010,CRIPPLE CREEK-VICTOR RE-1,0.16670000000000001,14,0.5832999999999999,324,0.593,0.7859999999999999,0.385,13.395,1.0,29,29.1,35415.32,0,0,0
3010,CRIPPLE CREEK-VICTOR RE-1,0.16670000000000001,14,0.5832999999999999,324,0.593,0.7859999999999999,0.385,13.395,1.0,29,29.1,35415.32,0,0,0
3020,WOODLAND PARK RE-2,0.15109999999999998,14,0.3333,2379,0.755,0.807,0.71,17.298000000000002,1.0,144,144.0,40211.85,125,102,227
3020,WOODLAND PARK RE-2,0.15109999999999998,14,0.3333,2379,0.755,0.807,0.71,17.298000000000002,1.0,144,144.0,40211.85,125,102,227
3030,AKRON R-1,0.2353,14,0.47369999999999995,342,0.958,1.0,0.857,10.985,1.0,26,31.3,29986.38,0,0,0
3030,AKRON R-1,0.2353,14,0.47369999999999995,342,0.958,1.0,0.857,10.985,1.0,26,31.3,29986.38,0,0,0
3040,ARICKAREE R-2,0.3271,14,0.5769,104,1.0,1.0,1.0,7.445,0.9333333333333333,15,14.4,28054.6,0,0,0
3040,ARICKAREE R-2,0.3271,14,0.5769,104,1.0,1.0,1.0,7.445,0.9333333333333333,15,14.4,28054.6,0,0,0
3050,OTIS R-3,0.1106,14,0.4692,211,0.813,0.6,0.909,11.77,1.0,21,19.1,32753.25,0,0,0
3050,OTIS R-3,0.1106,14,0.4692,211,0.813,0.6,0.909,11.77,1.0,21,19.1,32753.25,0,0,0
3060,LONE STAR 101,0.009399999999999999,14,0.3679,106,1.0,1.0,1.0,6.303333333333334,1.0,17,17.8,25227.54,0,0,0
3060,LONE STAR 101,0.009399999999999999,14,0.3679,106,1.0,1.0,1.0,6.303333333333334,1.0,17,17.8,25227.54,0,0,0
3070,WOODLIN R-104,0.098,14,0.5978,92,0.8,0.667,1.0,9.135,1.0,13,11.1,24323.02,0,0,0
3070,WOODLIN R-104,0.098,14,0.5978,92,0.8,0.667,1.0,9.135,1.0,13,11.1,24323.02,0,0,0
3080,WELD COUNTY RE-1,0.5954999999999999,14,0.5821000000000001,1876,0.88,0.956,0.818,14.006666666666666,0.9925925925925926,135,137.9,42057.86,0,0,0
3080,WELD COUNTY RE-1,0.5954999999999999,14,0.5821000000000001,1876,0.88,0.956,0.818,14.006666666666666,0.9925925925925926,135,137.9,42057.86,0,0,0
3085,EATON RE-2,0.2652,14,0.3582,1904,0.9059999999999999,0.8959999999999999,0.914,16.824,0.9913793103448276,116,112.3,44302.86,0,0,0
3085,EATON RE-2,0.2652,14,0.3582,1904,0.9059999999999999,0.8959999999999999,0.914,16.824,0.9913793103448276,116,112.3,44302.86,0,0,0
3100,WINDSOR RE-4,0.1923,14,0.1801,4959,0.917,0.953,0.88,17.136666666666667,0.9935483870967742,310,302.2,46501.11,168,115,283
3100,WINDSOR RE-4,0.1923,14,0.1801,4959,0.917,0.953,0.88,17.136666666666667,0.9935483870967742,310,302.2,46501.11,168,115,283
3110,JOHNSTOWN-MILLIKEN RE-5J,0.32799999999999996,14,0.3056,3603,0.755,0.831,0.695,19.71666666666667,1.0,190,189.3,49025.82,48,27,75
3110,JOHNSTOWN-MILLIKEN RE-5J,0.32799999999999996,14,0.3056,3603,0.755,0.831,0.695,19.71666666666667,1.0,190,189.3,49025.82,48,27,75
3120,GREELEY 6,0.6559999999999999,14,0.6193,21183,0.778,0.802,0.7559999999999999,18.817999999999998,0.9991518235793045,1179,1155.5,46758.55,1251,876,2127
3120,GREELEY 6,0.6559999999999999,14,0.6193,21183,0.778,0.802,0.7559999999999999,18.817999999999998,0.9991518235793045,1179,1155.5,46758.55,1251,876,2127
3130,PLATTE VALLEY RE-7,0.3348,14,0.44549999999999995,1129,0.917,0.9309999999999999,0.903,14.106666666666667,1.0,82,79.9,44156.08,0,0,0
3130,PLATTE VALLEY RE-7,0.3348,14,0.44549999999999995,1129,0.917,0.9309999999999999,0.903,14.106666666666667,1.0,82,79.9,44156.08,0,0,0
3140,WELD COUNTY S/D RE-8,0.7462000000000001,14,0.731,2171,0.7929999999999999,0.836,0.753,16.875999999999998,0.9861111111111112,144,140.6,45678.61,84,63,147
3140,WELD COUNTY S/D RE-8,0.7462000000000001,14,0.731,2171,0.7929999999999999,0.836,0.753,16.875999999999998,0.9861111111111112,144,140.6,45678.61,84,63,147
3145,AULT-HIGHLAND RE-9,0.37189999999999995,14,0.4678,761,0.925,0.846,1.0,13.226666666666667,1.0,60,58.3,36836.89,44,25,69
3145,AULT-HIGHLAND RE-9,0.37189999999999995,14,0.4678,761,0.925,0.846,1.0,13.226666666666667,1.0,60,58.3,36836.89,44,25,69
3146,BRIGGSDALE RE-10,0.1243,14,0.3436,163,1.0,1.0,1.0,10.309999999999999,1.0,17,17.1,36587.69,0,0,0
3146,BRIGGSDALE RE-10,0.1243,14,0.3436,163,1.0,1.0,1.0,10.309999999999999,1.0,17,17.1,36587.69,0,0,0
3147,PRAIRIE RE-11,0.1105,14,0.2787,183,0.9229999999999999,1.0,0.889,10.79,1.0,20,17.6,40807.11,0,0,0
3147,PRAIRIE RE-11,0.1105,14,0.2787,183,0.9229999999999999,1.0,0.889,10.79,1.0,20,17.6,40807.11,0,0,0
3148,PAWNEE RE-12,0.11109999999999999,14,0.31579999999999997,76,1.0,1.0,1.0,4.13,1.0,16,19.6,25991.69,0,0,0
3148,PAWNEE RE-12,0.11109999999999999,14,0.31579999999999997,76,1.0,1.0,1.0,4.13,1.0,16,19.6,25991.69,0,0,0
3200,YUMA 1,0.5328,14,0.5907,777,0.91,0.879,0.941,20.857499999999998,1.0,64,64.7,39754.28,0,0,0
3200,YUMA 1,0.5328,14,0.5907,777,0.91,0.879,0.941,20.857499999999998,1.0,64,64.7,39754.28,0,0,0
3210,WRAY RD-2,0.2872,14,0.5357,644,0.8909999999999999,0.9440000000000001,0.857,13.966666666666667,1.0,49,49.2,35145.11,0,0,0
3210,WRAY RD-2,0.2872,14,0.5357,644,0.8909999999999999,0.9440000000000001,0.857,13.966666666666667,1.0,49,49.2,35145.11,0,0,0
3220,IDALIA RJ-3,0.2786,14,0.5814,172,1.0,1.0,1.0,11.545,1.0,19,16.7,35635.42,0,0,0
3220,IDALIA RJ-3,0.2786,14,0.5814,172,1.0,1.0,1.0,11.545,1.0,19,16.7,35635.42,0,0,0
3230,LIBERTY J-4,0.125,14,0.2877,73,1.0,1.0,1.0,19.19,1.0,5,4.9,34846.87,0,0,0
3230,LIBERTY J-4,0.125,14,0.2877,73,1.0,1.0,1.0,19.19,1.0,5,4.9,34846.87,0,0,0
8001,CHARTER SCHOOL INSTITUTE,0.5256000000000001,14,0.4447,13878,0.43200000000000005,0.475,0.377,19.850588235294115,0.9921773142112125,767,741.9,36695.14,2,1,3
8001,CHARTER SCHOOL INSTITUTE,0.5256000000000001,14,0.4447,13878,0.43200000000000005,0.475,0.377,19.850588235294115,0.9921773142112125,767,741.9,36695.14,2,1,3
